rankings,song_name,artist_name,release_date,song_url,lyrics
1.0,我會等,承桓,2023-04-05,https://www.kkbox.com/tw/tc/song/4tiJP0PYLX0lGLktJZ,"

                    作詞：路夕月
           
                            作曲：成禮
            
 
編曲：黃涵

我想學一個遨游太空的魔法
把所有心願都在夜空種下
陪著所有星星在夢裡越長越大
我想風也不知道它該要去哪
我想落葉也會偷偷想家
學會了眼淚當做汗水偷偷地擦

我會等枯樹生出芽 開出新的花
等著陽光刺破黑暗 第一縷朝霞
我會等一場雨落下 把回憶都沖刷
再與你一起去看
外面世界 到底有多大
我會等冬的雪融化 蒲扇裡的夏
守著深夜裡的星星 眨眼不說話
我會等故事裡的你 再給我講笑話
相信美夢和你
總有一天 會預先到達

我想學一種續寫未來的魔法
把所有未來都寫在我筆下
想過給你最完美的回答
我想雨也不知道何時能停下
再堅強的人也會偷偷想家
學會了眼淚當做汗水偷偷地擦

我會等枯樹生出芽 開出新的花
等著陽光刺破黑暗 第一縷朝霞
我會等一場雨落下 把回憶都沖刷
再與你一起去看
外面世界 到底有多大
我會等冬的雪融化 蒲扇裡的夏
守著深夜裡的星星 眨眼不說話
我會等故事裡的你 再給我講笑話
相信美夢和你
總有一天 會預先到達

我會等枯樹生出芽 開出新的花
等著陽光刺破黑暗 第一縷朝霞
我會等一場雨落下 把回憶都沖刷
再與你一起去看
外面世界 到底有多大
我會等冬的雪融化 蒲扇裡的夏
守著深夜裡的星星 眨眼不說話
我會等故事裡的你 再給我講笑話
相信美夢和你
總有一天 會預先到達

"
0.99,眼淚記得你 (Remembered)-電影《想見你》主題曲,孫盛希 (Shi Shi),2022-12-22,https://www.kkbox.com/tw/tc/song/5Xt7M8QPELRudrjAkl,"

                    作詞：Molly Lin / 孫盛希
           
                            作曲：孫盛希
            
 
編曲 : 王韻築 Liv W.

能不能走出這照片
對我說久等了抱歉
空蕩的房間卻塞不下思念
對空氣訴說了一切
拼湊著兩個人的地點
我記得你每張笑臉
和你看日出日落一起做的夢
誰忘了說要記得我
I close my eyes你就會出現
I need your love留在我世界
一切是不是錯覺
醒來你還在我身邊

又這樣回到了原點
明明就在眼前卻是不同世界
懷疑記憶不夠清晰
雙手究竟有沒有緊握過
沒你的日出日落
是我我忘了說要記得我
I close my eyes你就會出現
I need your love留在我世界
一切都只是錯覺
醒來你不在我身邊

繼續走不停留
屬於我們的時間
還要幾次的擦肩錯過
多少的懊悔還等著
I close my eyes感覺你不遠
I need you now奢侈的許願
眼淚記得你一切
瞬間停在永遠

"
0.98,親愛的對象 - 《關於我和鬼變成家人的那件事》電影主題曲,蔡依林 (Jolin Tsai),2022-12-08,https://www.kkbox.com/tw/tc/song/H-VYXI2aCJ6qwc8XMo,"

                    作詞：陳學聖 / 葛大為
           
                            作曲：蔡依林 / 劉家凱
            
 編曲：林頡 / 陳君豪 / 劉家凱

有些事 太固執
也許是 在等你 推翻 解答
多不平常
我 也放棄線索 預設立場
沒對錯 又怎樣
好在我們 從不必說明
什麼關係 都沒關係
很單純 很嚮往
尋找親愛的對象 本質一樣
真的存在 這種感情
依賴沒必要 再小心翼翼
你有接住我的方法
我去哪裡飛翔你都會在場
因為有差異
才能從理解中 感覺 更熟悉
在歲月留下 溫柔回憶
試探 想沿著 時間線的推移
好或壞 都待續
好在我們 從不必說明
什麼關係 都沒關係
很單純 很嚮往
尋找親愛的對象 本質一樣
真的存在 這種感情
依賴沒必要 再小心翼翼
你有接住我的方法
我去哪裡飛翔 而你都會在場
曾為誰受過傷
很缺憾的時光
在消散之前 就用愛原諒
你遺落的願望
我陪你 一起學不會放下
但學會盼望
最後我們 像家人貼近
能給的關心 不只關心
不約定 不勉強
這種親愛的對象 彷彿更理想
對的人可能 成為伴侶
或關於你我 擁有了默契
我有找到你的方法
你去哪裡飛翔 我都會到場
最後我們 像家人貼近
能給的關心 不只關心
不約定 不勉強
這種親愛的對象 彷彿更理想
對的人可能 成為伴侶
或關於你我 擁有了默契
陪伴是 我們擅長
我的生命 少不了你 在場

"
0.97,途Journey,張哲瀚,2023-01-13,https://www.kkbox.com/tw/tc/song/T-Y4-T---xXCUM9gm_,"


風 放逐雲的流浪
光追尋影的鋒芒
量子要幾次碰撞
才能在幽暗塵埃掀起波瀾
旋轉直到天亮

望 落日疊盪幻想
唱風聲當作鼓掌
我們若是回頭望
只記得那片星空大雨激盪
最輕狂的模樣

唔
多頑強 夜未央
暗自療傷
途

不知道山峰會不會張望
不知道海底有沒有光亮
旅途上聽見日出的吟唱
風箏飛入雲的臂膀

不知道天真會不會迷茫
不去想真相會不會埋葬
一路上披荊斬棘的目光
還好我有我的堅強

謊 一同塞進真
傷用疤痕來偽裝
隧道要多久迴響
才能在黑暗對抗沉默開腔
尊嚴破土成長

仰 掙脫泥濘綑綁
想穿越人間徬徨
滾燙要多久釋放
將衝破黑夜迷航鏡中幻象
解凍自由前方

唔
多頑強 夜未央
暗自療傷
途

不知道山峰會不會張望
不知道海底有沒有光亮
旅途上聽見日出的吟唱
風箏飛入雲的臂膀

不知道天真會不會迷茫
不去想真相會不會埋葬
一路上披荊斬棘的目光
還好我有我的堅強

不知道山峰會不會張望
不知道海底有沒有光亮
旅途上聽見日出的吟唱
銀河童話漫天遐想

不知道天真會不會迷茫
不去想真相會不會埋葬
一路上披荊斬棘的目光
我有守護我的倔強

八十憶分之一的你
頻率陌生又熟悉
人海中聽見指引
船長說不曾放棄
"
0.96,洪荒劇場Primordial Theater,張哲瀚,2023-01-25,https://www.kkbox.com/tw/tc/song/OnADsRkbo9axNsFM82,"

                    作詞：張哲瀚
           
                            作曲：黃賈杰
            
 
野的獸 人的心
化好妝 于面具之下
孩童以哭聲起幕
這齣戲 也名爲你我他

旁白注解命運
角色追逐幻影
愛是荒誕的劇情 看不清

Awu~~~~~~~
他月圓時變成狼
醜陋的傷疤 却握著玫瑰花
Awu~~~~~~~
她吟唱在月光下
遠行的水手 却再不能回家

呼與吸 名與姓
點亮這 劇場的光
老翁以微笑謝幕
這齣戲 也名爲來與往

管它什麽游戲
我不過想盡興
迷戀上 每一章 身不由己

Awu~~~~~~~
它問造物的人啊
機械的心臟 可擁有靈魂嗎？
Awu~~~~~~~
它問獵人端著槍
小鹿很貪玩 你可有見過它？

劇場名爲洪荒 多荒謬就多輝煌
你我粉墨登場 如塵埃空中飛揚

Awu~~~~~~
所有臺上的人啊
演大夢一場 演不活著歸返
Awu~~~~~~
所有台下的人啊
請拍手叫好 致你和我和他

"
0.95,冰川消失那天Lost Glacier,張哲瀚,2023-02-13,https://www.kkbox.com/tw/tc/song/KmdUd2QoR1boOjwoKe,"



如果 時空折叠 街景後退
如果 冬天的雪 返回夏夜
跑去見你 趁路燈 還未熄滅
告別最遠 不過是 明天再見

如果 烟火逆行 手還未牽
如果 你只愛笑 不懂眼泪
時光溫柔 反方向 藏下結尾
我們兩個 許著願 聊一整夜

那個誰 此刻你入睡了沒
我們畢業後 去不去環游世界
布拉格的清晨多美 極光追不追
若迷路在荒野 我一定來找你
披星戴月

原來 冰川都有 消失那天
原來 最遠距離 叫時間點
我牽著你 像掌心 握著蝴蝶
我們以爲 會永遠 留在夏天

那個誰 此刻你入睡了沒
我們畢業後 去不去環游世界
布拉格的清晨多美 極光追不追
若迷路在荒野 我一定來找你
披星戴月

我問那個誰 你在哪此刻睡了沒
怕一碰就碎 連名字都不敢寫
極光飛過皚皚白雪 我們怎麽追
迷路閉上雙眼 回到 那夜燈下
等一聲：喂
你好嗎？

"
0.94,字字句句,盧盧快閉嘴,2023-03-01,https://www.kkbox.com/tw/tc/song/OqEcceqfMMmVfOc6Xh,"

                    作詞：玖零三壹
           
                            作曲：玖零三壹
            
 
編曲：曾吳秋傑

他關於你 絕口不提
他是否短暫愛過你
來去自如 也分不清他什麼目的
若即若離 是空歡喜
聽他和誰逢場作戲
可是你的委屈卻無從說起

他字字未提喜歡你
你句句都是我願意
他一句寂寞時候的回應
你卻激動不已

他次次迴避著話題
你傻傻熱情的貼近
穿過多少城市為了他
只因為他淋濕了自己

他關於你 絕口不提
他是否短暫愛過你
來去自如 也分不清他什麼目的
若即若離 是空歡喜
聽他和誰逢場作戲
可是你的委屈卻無從說起

他字字未提喜歡你
你句句都是我願意
他一句寂寞時候的回應
你卻激動不已

他次次迴避著話題
你傻傻熱情的貼近
穿過多少城市為了他
只因為他淋濕了自己

他字字未提喜歡你
你句句都是我願意
他一句寂寞時候的回應
你卻激動不已

他次次迴避著話題
你傻傻熱情的貼近
穿過多少城市為了他
只因為他淋濕了自己

你說你愛他 和他沒關係

"
0.93,連輸入法都記得你 - 《HIStory5-遇見未來的你》LINE TV片尾曲,陳勢安 (Andrew Tan),2023-01-05,https://www.kkbox.com/tw/tc/song/DZh8zUhKM7EsrMDX46,"

                    作詞：森白B.K
           
                            作曲：森白B.K
            
 
編曲：森白B.K

聽 手機鈴聲響起
我的反射神經
腦袋不由自主 想起你
我忘了 我們沒關係
可訊息 不安份守己

雨 下得不懷好意
完全不留餘地
硬生生把過去給提起
雨聲埋下伏筆 不斷在提醒
描述著我多無能為力

就別再 垂頭喪氣 別低聲下氣
活得有骨氣 回憶卻不爭氣
將你提起 無能為力
那一字一句 絕口不提卻想起
連輸入法都沒忘記
怎殘忍的叫我忘記你 是你
訊息整了又理 可無法乾淨

窗外的景 堆疊成影
思念成了疾 可感官被麻痺
刻骨銘心 一點一滴
是我不自量力 去招惹你
此生愛的用盡全力
來生請你讓我像隻魚
永遠只有七秒的記憶

雨 下得不懷好意
完全不留餘地
硬生生把過去給提起
雨聲埋下伏筆 不斷在提醒
描述著我多無能為力

就別再 垂頭喪氣 別低聲下氣
活得有骨氣 回憶卻不爭氣
將你提起 無能為力
那一字一句 絕口不提卻想起
連輸入法都沒忘記
怎殘忍的叫我忘記你 是你
訊息整了又理 可無法乾淨

窗外的景 堆疊成影
思念成了疾 可感官被麻痺
刻骨銘心 一點一滴
是我不自量力 去招惹你
此生愛的用盡全力
來生請你讓我像隻魚
永遠只有七秒的記憶

就別再 垂頭喪氣 別低聲下氣
活得有骨氣 回憶卻不爭氣
將你提起 無能為力
那一字一句 絕口不提卻想起
連輸入法都沒忘記
怎殘忍的叫我忘記你 是你
訊息整了又理 可無法乾淨

窗外的景 堆疊成影
思念成了疾 可感官被麻痺
刻骨銘心 一點一滴
是我不自量力 去招惹你
此生愛的用盡全力
來生請你讓我像隻魚
永遠只有七秒的記憶

"
0.92,憂傷的晴朗Melancholy Sunshine,張哲瀚,2022-12-14,https://www.kkbox.com/tw/tc/song/OqLlIVrPMMmVdY4GXK,"



天空劃出一道絢麗的彩虹
天使在等候
森林草原沙漠星星的夜空
孤獨的宇宙
時間在腐～～朽
黯然的墜～～～落
天空劃出一道絢麗的煙火
華麗的復活
隧道座橋道路滿街的燈火
魔鬼的詛咒
困惑的執～～～著
短暫的自～～～由
殘缺的漩～～～渦
垂直地降～～～落
我手中開出了一朵花
狂風纏繞呼嘯舞蹈
奔向微光（它在狂風中舞蹈）
她在合掌 拯救信仰
滔滔海浪 卷起飛翔
奔向微光（卷起飛翔後舞蹈）
轉眼間風～～浪
憂傷的晴～～朗
天空劃出一道絢麗的煙火
華麗的復活
隧道座橋道路滿街的燈火
魔鬼的詛咒
殘缺的漩渦
垂直地降落
我手中開出了一朵花
狂風纏繞呼嘯舞蹈
奔向微光（它在狂風中舞蹈）
她在合掌 拯救信仰
滔滔海浪 卷起飛翔
奔向微光（卷起飛翔後舞蹈）
轉眼間風浪
憂傷的晴朗

"
0.91,遊俠Knight Errant,張哲瀚,2022-12-21,https://www.kkbox.com/tw/tc/song/Ks4rUSgHfpSTTT96F5,"

                    作詞：黃禮格 / 張哲瀚
           
                            作曲：黃禮格
            
 
我踩著鼓點繼續加速往向前沖
折斷了雙翼身形依舊幻化成風
命運在我面前都將無助顫抖
一個回合結束戰鬥
我踩著鼓點繼續加速往向前沖
折斷了雙翼身形依舊幻化成風
我肩負的使命在黑夜中暗湧
在征途的黎明怒吼(straight up)

那些低估我的
現在對我喊著加油
這點分貝哪 夠
一旦出征必到壓軸
燎原始於野火
風吹雨打衍生傑作
每次發力的狀態就像隱藏玩家解鎖
我扛著 整個 戰局的風險
我的生活注 定是你夢魘
大起跟大落 不在乎周遭冷眼
痛覺 在這 終結
一刻都不鬆懈
外殼 已經 開始 枯竭
註定 化繭 成為 蝴蝶
猜我下個動作是否帶來效應 homie
再拉開序幕領銜主演
wanna see some? homie

兄弟聚首其利斷金
流芳百世有人說給你聽
涅槃重生 逆轉了天命
一劍既出 四兩撥千斤

我踩著鼓點繼續加速往向前沖
折斷了雙翼身形依舊幻化成風
命運在我面前都將無助顫抖
一個回合結束戰鬥
我踩著鼓點繼續加速往向前沖
折斷了雙翼身形依舊幻化成風
我肩負的使命在黑夜中暗湧
在征途的黎明怒吼

god damn
讓對手失去意志就在一刹那間
八面 全都 踏遍
熱身完畢這就開始拔劍
看我持續發光
他們都閑得發慌
都在討論我的進步
威懾四面八方
從不懼怕挫敗
看我把迷霧破開
孤注一擲我的type
出手就是我的TIME

我的fire 我的fire 我的fire
生生不息那是我的牌匾
你連想都不敢想的 幫你開眼
準備迎接我的凱旋

我踩著鼓點繼續加速往向前沖
折斷了雙翼身形依舊幻化成風
命運在我面前都將無助顫抖
一個回合結束戰鬥
我踩著鼓點繼續加速往向前沖
折斷了雙翼身形依舊幻化成風
我肩負的使命在黑夜中暗湧
在征途的黎明怒吼

"
0.9,摯友,Eric 周興哲,2023-05-16,https://www.kkbox.com/tw/tc/song/Ot_Q64hN3DzwaqDPwF,"


想當星辰 卻像路燈
若愛一個人 切忌愛得太深
酒後傳的訊息 你別當真
我總感情用事 忘了不可能


也委屈你 長期容忍
但我們之間 該用什麼相稱
難道非要我愛 其他的人
你才心安理得 卸下了責任


我們不討論的關係 很接近卻不是愛情
擁有無數交集 要丟棄太可惜
我演的恨 真不誠懇
你最清楚 我是怎樣的人


沒人不羨慕的關係 只是沒結局的續集
為什麼太熟悉 反而變成距離
觸不到的戀人 化身摯友也像搪塞
你明知道我不會等到卻放任我等


你正全心 對待的人
輾轉找到我 勸我別再傷神
其實我真不想一一詢問
從此默不出聲 是我的責任


我們不說破的關係 很微妙卻不是愛情
容許這種維繫 是我不夠爭氣
一再追問何其愚笨
我也清楚你是怎樣的人


蕩氣迴腸 又能如何
我最不應該 還害你受困 進退不得


我們不討論的關係 很接近卻不是愛情
擁有無數交集 要丟棄太可惜
我演的恨 真不誠懇
你最清楚 我是怎樣的人


沒人不羨慕的關係 只是沒結局的續集
為什麼太熟悉 反而變成距離
觸不到的戀人 化身摯友也像搪塞
你明知道我不會等到 卻放任我等
"
0.89,人生海海Magnificent Life,張哲瀚,2023-03-17,https://www.kkbox.com/tw/tc/song/OncrUrkro9axOAUvUK,"


小書包趴在小肩膀
沿著小水溝 走回家門口
低頭 滾到腳邊的籃球
望著漸漸縮短的袖口
風吹來了希望 風帶走了憂愁 抬頭
雙腳騰空躺 在鬆軟的雲朵上  自由

上課下課 又一天
登機落地 一睜眼
開門關門 時間點
來來回回 這世界
入戲出戲 無盡蔓延
潮起潮落 凝望著地平線
終有一天 要和自己面對面

大球鞋踩著大馬路
望大厦高樓 公車消失在路口
目光 停留在書桌前窗口
畫面流年鹿回首
雨淋濕了視線 雨靜默了呢喃 抬頭
屏住呼吸  潜入最深的海底 自由

上課下課 又一天
登機落地 一睜眼
開門關門 時間點
來來回回 這世界
出戲入戲 無盡蔓延
潮起潮落 凝望著地平線
終有一天 要和自己面對面
路已走遠 要和自己說再見
"
0.88,夢裡的女孩-電影《想見你》插曲,陳零九 (Nine Chen),2022-12-27,https://www.kkbox.com/tw/tc/song/0o2XsPTnhv4OQyzzwy,"

                    作詞：陳零九 / 崔惟楷 Luke”B.T.”Tsui
           
                            作曲：陳零九
            
 
編曲 : 張暐弘 Hoong

從沒有想過夢裡的女孩會走進生命中
看著你的笑容我的心狂跳動
黑白世界變成了彩虹
從沒有想過編一百個巧遇的藉口
只為了多見一面讓距離再近一點
在你身邊就像微糖的甜
怎麽會遇見你我像個小孩
緊張到忘記如何表白
曖昧不說出來是否你會明白
不是我嘴巴貼上膠帶
遇見你我就像個小孩
在冷靜衝動之間搖擺
或許我不夠天才沒有浪漫的對白
但我心裡唯一的女孩請給我愛

從沒有想過夢裡的男孩能牽著你的手
安全帽幫你扣去海邊帶你走
灰色夜景變成了粉紅
從沒有想過多一百個想你的理由
一次擁抱的晚安一抹煙火的絢爛
你就是我最甜心的牽絆
怎麽會遇見你我像個小孩
緊張到忘記如何表白
曖昧不說出來是否你會明白
不是我嘴巴貼上膠帶
遇見你我就像個小孩
在冷靜衝動之間搖擺
或許我不夠天才沒有浪漫的對白
但我心裡唯一的女孩請給我愛
一閃一閃亮晶晶一天一天疊上去
一層一層的愛心全部都是你
一閃一閃亮晶晶一天一天疊上去
一層一層的愛心全部都是你

"
0.87,一念之間,告五人 (AccuseFive),2023-02-13,https://www.kkbox.com/tw/tc/song/8m8Z6gawJRsamxSSq-,"

                    作詞：告五人 雲安
           
                            作曲：告五人 雲安
            
 
當眼淚變成照片
當天真變回童年
當星星變成想念
我變成了誰
當午後沒有咖啡
當城市沒有失眠
當期待變成等待
你會在哪邊
原來我們的相遇
是需要⼀念之間
你轉⾝我的追逐
是不是我們的命運
捉弄著時間
我會 在你熟悉的⼗字路⼝
想像 有天你會從這裡經過
或許 青春就是這樣的⽣活
沒有痛過 就不能懂
沒有愛過 就不能感受
沒有你 我曾不是我

當號碼變成拒接
當沈默變成回答
當安靜變成消遣
我默默流淚
當空⽩變成回憶
但遺憾卻刻骨銘⼼
當快樂無法快樂
你能否聽見
原來我們的相遇
是需要⼀念之間
你轉⾝我的追逐
是不是我們的命運
捉弄著時間
我會 在你熟悉的⼗字路⼝
想像 有天你會從這裡經過
或許 青春就是這樣的⽣活
沒有痛過 就不能懂
沒有愛過 就不能感受
我會 在你最愛的餐廳門⼝
等待 你會出現在我的⾝後
或許 青春就是這樣的⽣活
沒有痛過 就不能懂
沒有愛過 就不能感受
沒有你 我曾不是我

我會 在第⼀次牽⼿的街⼝
想像 有天你會從這裡經過
或許 青春就是這樣的⽣活
沒有痛過 就不能懂
沒有愛過 就不能感受
我會 想念你最愛我的時候
當作 紀念你說離開的那天
或許 青春就是這樣的⽣活
沒有痛過 就不能懂
沒有愛過 就不能感受
沒有你 我從不是我
但沒有我 你好像過的不錯

"
0.86,去有風的地方 (電視劇《去有風的地方》主題曲),Various Artists,2023-01-26,https://www.kkbox.com/tw/tc/song/Cm8ixtkVtBWGq1JziO,"



聽落雨掉進寂靜的森林
看夕陽之下遠山的風景
屋簷的水滴悄悄地氤氳
嵌入了眼睛
世界像一座安靜的島嶼
魚肚白升起悄然無聲息
等海鳥輕輕聲喚起漣漪
等一縷陽光透過這湖面
照進我心裡
等有風的時候把帆揚起
雲朵的倒影
月色的缺盈
漫天的繁星
迷失的腳步
也慢慢被撫平
四季的光影
我看見劃破長夜的流星
風吹起的時候
萬里無雲
魚肚白升起悄然無聲息
等海鳥輕輕聲喚起漣漪
等一縷陽光透過這湖面
照進我心裡
等有風的時候把帆揚起
雲朵的倒影
月色的缺盈
漫天的繁星
迷失的腳步
也慢慢被撫平
四季的光影
我看見劃破長夜的流星
風吹起的時候
萬里無雲
雲朵的倒影
月色的缺盈
漫天的繁星
迷失的腳步
也慢慢被撫平
四季的光影
我看見劃破長夜的流星
風吹起的時候
萬里無雲
去有風的地方 遇見你

"
0.85,為你寫下這首情歌,五月天 (Mayday),2022-12-13,https://www.kkbox.com/tw/tc/song/KsJYQAgHfpSTTZbLJN,"

                    作詞：五月天 阿信
           
                            作曲：五月天 阿信
            
 
編曲：溫奕哲 Phil Wen / 五月天 Mayday / 賴暐哲 Steven Lai (跳蛋工廠 EGGO Music Production)

編曲協力：于京延 Agwen Yu / 盧鈞右Neon Lu / 江鎮宇 Chen Yu Chiang / 鐘承洋 Cheng Yang Chung

如果你 忘了我
就讓風 代替我
為你寫下這首情歌 陪著你走

當白雲變蒼狗
回望故事 多不多
細數收獲 夠不夠
曾追求的夢 還夢不夢
當命運的路口
帶你緩緩走向我
讓我深深的愛過
才終於學會 即使笨拙 也要執著
如果你 記得我
你和我 曾走過
走過擁有你的此生 別無所求
如果你 忘了我
就讓風 代替我
為你寫下這首情歌 陪著你走

如天地與蜉蝣
如此渺小的你我
人間無常的變奏
只想每一刻 給你溫柔
又是什麽因果
前世千次的錯過
換來一刻的回眸
終於讓此生 曾經有你 患難與共
如果你 記得我
你和我 曾走過
走過擁有你的此生 別無所求
如果你 忘了我
就讓風 代替我
為你寫下這首情歌 陪著你走

如果你 記得我
你和我 曾走過
走過擁有你的此生 別無所求
如果你 忘了我
就讓風 代替我
為你寫下這首情歌 陪著你走
陪你走過朝霞星空 天長地久
陪著你走

"
0.84,外人,蕭秉治Xiao Bing Chih,2022-12-10,https://www.kkbox.com/tw/tc/song/OlgJhvy4S497Zf_eTu,"



曾意志消沉 曾無比快樂
相愛的兩人相反的人生
回憶再溫熱 承諾再深刻
其實都已經不重要了

你不是吻痕 更不是過客
你是我還在執著的永恆
遺憾的是只能祝福著
謝謝你讓我曾經完整

我終於捨得
放手讓你尋找下一段的旅程
你就是一道光有無限可能
不是為了我
也要勇敢也要幸福 也要快樂
感動過 何必怕最愛的人
變成外人


不像在活著 這才是活著
對宮的我們遠遠相望著
陌生卻也是最了解的
都別再為了彼此心疼

我終於捨得
放手讓你尋找下一段的旅程
你就是一道光有無限可能
不是為了我
也要勇敢也要幸福 也要快樂
你永遠 會是我最愛的人


我終於懂得
放手能讓想念 更自由地折射
我會像一道光在黑夜裡等
等到我生命
不再孤單不再徬徨 不再忐忑
你永遠 會住在我的靈魂
不是外人

我終於懂得

我終於捨得
放手讓你尋找下一段的旅程
你就是一道光有無限可能
不是為了我
也要勇敢也要幸福 也要快樂
你永遠 會是我最愛的人

我終於懂得
放手能讓想念 更自由地折射
我會像一道光在黑夜裡等
等到我生命
不再孤單不再徬徨 不再忐忑
你永遠 會住在我的靈魂
不是外人

我終於懂得
我終於捨得
最親愛的

"
0.83,愛上你等於愛上寂寞,Various Artists,2023-01-02,https://www.kkbox.com/tw/tc/song/GtZrN8ce-2a59OSsUl,"

                    作詞：徐光義
           
                            作曲：徐光義
            
 
編曲：鮑比達

微涼的晚秋 隨著落葉擦肩而過
多少年 日昇月沒轉瞬間過
冰冷的雨滴 打在溫熱的我的手
多少淚 順著臉頰不停滑落

而我的夢 深藏在心中
那裡有甜蜜的幻想全是你和我
但你卻說 太遙遠 夢已經不夠
需要多些空間 讓彼此再去尋找快樂

只想再聽你說  你願意愛著我
直到地老天荒 下個世紀末
真的只想再聽你說 在你心中我算什麼
給我一個答案 算不算太過奢求

而我的夢 深藏在心中
那裡有甜蜜的幻想全是你和我
但你卻說 太遙遠 夢已經不夠
需要多些空間 讓彼此再去尋找快樂

只想再聽你說 你願意愛著我
直到地老天荒 下個世紀末
真的只想再聽你說 在你心中我算什麼
給我一個答案 算不算太過奢求

難忘記 熟悉的輪廓 期望能再緊抱著我
你卻不肯 回頭

只想再聽你說 願意繼續愛我
你只是低著頭 用力的沉默
真的只想再聽你說 求求你不要再閃躲
才明白 愛上你 等於愛上了寂寞
才明白 愛上你 等於愛上了寂寞

"
0.82,如果沒有你,Various Artists,2023-01-02,https://www.kkbox.com/tw/tc/song/HaFT85VlE8K3ZKO3BQ,"

                    作詞：李焯雄 / 左安安
           
                            作曲：左安安
            
 
Hey 我真的好想你
現在窗外面又開始下著雨
眼睛乾乾的 有想哭的心情
不知道你現在到底在哪裡

Hey 我真的好想你
太多的情緒 沒適當的表情
最想說的話我該從何說起
你是否也像我一樣在想你

如果沒有你 沒有過去 我不會有傷心
但是有如果還是要愛你
如果沒有你 我在哪裡 又有甚麼可惜
反正一切來不及 反正沒有了自己

Hey 我真的好想你
不知道你現在到底在哪裡

Hey 我真的好想你
太多的情緒 沒適當的表情
最想說的話我應該從何說起
你是否也像我一樣在想你

如果沒有你 沒有過去 我不會有傷心
但是有如果還是要愛你
如果沒有你 我在哪裡 又有甚麼可惜
反正一切來不及 反正沒有了自己

Hey 我真的好想你
不知道你現在到底在哪裡
你是否也像我一樣在想你

"
0.81,又到天黑,告五人 (AccuseFive),2023-01-20,https://www.kkbox.com/tw/tc/song/LajeXq9pzEPTiNlifF,"


又到天黑
出門時路燈都還沒醒
急著跟黃昏說再見的她
朝忙碌裡奔去
她說晚餐隨便吃就好
反正到肚子裡都一樣
日復一日年復一年
還是沒有想法
她還是害怕天黑
一路上耳機都開到最大聲
她還是拒絕入睡
就怕閉著眼又想到某個畫面
「She will be fine,
Just something changed in the summer time.」
她想去解讀又害怕眼睛變得模糊
「She will be fine,
Just something changed in the summer time.」
不想要認輸就把自己獻給忙碌
她漸漸不怕天黑
去上班前都會去買宵夜
雖然她流下了眼淚
但勇氣膨脹成一個笑臉
「She will be fine,
Just something changed in the summer time.」
她想去解讀又害怕眼睛變得模糊
「She will be fine,
Just something changed in the summer time.」
不想要認輸就把自己獻給忙碌
嘟～～搭啦低哩哩啦
嘟嚕嘟噠啦低哩哩啦
噠～噠啦噠噠
嗚～嗚嗚嗚～～
噠啦噠啦～噠啦哩嘟噠啦
噠噠噠噠啦哩哩噠啦
噠啦噠噠啦噠
嗚啦嗚啦啦～
回到住處
雖然只是個棲身之地
但有個自己佈置的角落
她滿是歡喜
上完晚班迎來的早晨
有的時候會特別孤寂
不知是睡意意亂情迷
或者又想起你
She will be
He will be
We will be
We will be fine~
She will be
He will be
We will be
We will be fine~
She will be
He will be
We will be
We will be fine~
She will be
He will be
We will be
We will be fine~
She will be
He will be
We will be
We will be fine~
She will be
He will be
We will be
We will be fine~
She will be
He will be
We will be
We will be fine~
She will be
He will be
We will be
We will be fine~
"
0.8,癡心無名氏,艾薇,2023-03-13,https://www.kkbox.com/tw/tc/song/-qvs1KTALDIxAm2a3U,"

                    作詞：張和平
           
                            作曲：張和平
            
 
編曲:賴暐哲

如果癡心是一種信仰
付出又怎樣
如果隱瞞是一種浪漫
我為你收藏

如果名份是一種保障
冒險又怎樣
如果自由是一種流浪
我讓你飛翔

有人說過 這種感動 不會有結果
那是純屬虛構 就算故事雷同

雖然癡心無名氏 現在還沒有名字
寧願再一次 讓你放縱 讓你揮霍 我不走

癡心無名氏 可能等待一輩子
但願再一次 為你守候 等你回頭 雖然很痛

如果成全是一種美滿
犧牲又怎樣
如果放手是一種缺憾
我會獨自療傷

有人說過 這種感動 不會有結果
那是純屬虛構 就算故事雷同

雖然癡心無名氏 現在還沒有名字
寧願再一次 讓你放縱 讓你揮霍 我不走

癡心無名氏 可能等待一輩子
但願再一次 為你守候 等你回頭 雖然很痛

癡心無名氏 現在還沒有名字
寧願再一次 讓你放縱 讓你揮霍 我不走

癡心無名氏 可能等待一輩子
但願再一次 為你守候 等你回頭 雖然很痛

"
0.79,訣愛·盡 - 现场,中國說唱巔峰對決2023,2023-06-09,https://www.kkbox.com/tw/tc/song/XZEVCxtpIDECoVyGWl,"



等天崩地裂的那一瞬間
待坍塌破碎了睜開雙眼
無處安放靈魂只能降落
若靈魂相結在天地之間
看山盟海誓引一場驚覺
沒有你的世界我無力承受

怪我的心太炙熱
初見的樹是第幾棵
樹下彩蝶憩息著
你靠在我懷裡說人生幾何
這些畫面我都記得
可微風在奏離歌
言不盡悲歡離合
窈窕淑女君子好逑
可我在漂流
兩個人的逍遙遊
沒熬到船到橋頭
像對準我的矛頭
如今我借酒澆愁
若時光能夠倒流
能否換個方式相擁
But I
拔情訣愛的最後
指尖纏繞的溫柔
化作一把鋒利劍
刺向了我

訣愛
模糊光陰距離
連時間都暫停
全都只是因為你
(為了你 為了你)
確定 (從一開始就確定)
你是心中唯一
說再見來不及
開不了口的惋惜
來不及
如今天各一方
就快熄滅的燭火飛蛾不會撲向
往胸口射一槍
將你愛的模樣
全部統統都埋葬
衝出幻象
夢也該醒醒了吧
趁天沒亮 不癒合的傷
我欠你的
一次都還清我不賴帳
隔著眼淚看世界
彷彿整個宇宙都在哭
你傷心生病寂寞
害怕會有人替我愛護
從此山水不相逢
你要的我給的卻不相同
朝露野火不相容
撼動蒼穹不再是你的英雄

若靈魂相結在天地之間
看山盟海誓飲一場驚覺
沒有你的世界
我無力承受
拔情訣愛的最後
(為了你我絕不退後)
指尖纏繞的溫柔
(要我放棄怎麼能夠)
化作一把鋒利劍
刺向了我
(在你身後無處可躲)

訣愛
模糊光陰距離(光陰距離)
連時間都暫停(全都暫停)
全都只是因為你(為了你 為了你)
確定(從一開始就註定)
你是心中唯一
說再見來不及(後悔已來不及)
開不了口的惋惜(為了你 為了你)
來不及
談什麼風花雪月
只想喝你天涯倚劍
結局到曲終人散
黯然銷魂風在哽咽
他需要一個期限
逼他在重燃氣焰
就當是一場歷練
即使你有再多依戀(來不及)
Sun goes down
有多少失憶的人
形單影只徘徊酒巷
Life goes on
他看著熙攘的人群
難免會有點惆悵
像是你熟悉的衣裝
陌生的地方
模糊的逆光
如今已變成了砒霜
蔓延到心臟
怎麼遺忘
(訣別的愛)

"
0.78,走尽,L(桃籽）,2023-01-30,https://www.kkbox.com/tw/tc/song/KrO6bkAn6Il0C2vqTc,"


我和你走近走進走盡
我的心鐘於忠於終於
愛到最後無能為力
我才肯放過我自己
無數個夜晚我輾轉不安
失眠的人總是很孤單
忍住不打擾雖然也不難
只是心空了一半
從無話不談到無話可談
我們之間少了新鮮感
從慢慢習慣到理所當然
最後到一拍兩散
我和你走近走進走盡
我的心鐘於忠於終於
愛到最後無能為力
我才肯放過我自己
我們從緣近緣進緣盡
到最後伊人依人一人
有些詞能放在一起
有些人不能在一起就像我和你
從無話不談到無話可談
我們之間少了新鮮感
從慢慢習慣到理所當然
最後到一拍兩散
我和你走近走進走盡
我的心鐘於忠於终於
愛到最後無能為力
我才肯放過我自己
我們從缘近缘進缘盡
到最後伊人依人一人
有些詞能放在一起
有些人不能在一起
我和你走近走進走盡
我的心鐘於忠於終於
愛到最後無能為力
我才肯放過我自己
我們從缘近缘進缘盡
到最後伊人依人一人
有些詞能放在一起
有些人不能在一起就像我和你
就像我和你
"
0.77,Unicorn,Ozone,2022-12-22,https://www.kkbox.com/tw/tc/song/GrO4xBHyk9Zky530RU,"



是否累了 為了什麼而又怎麼
淚還流著 尋找卻找不到快樂
Uh there's no room for sadness bae 說走就走
讓我帶你離開 on my way don't you know
我真的喜歡你
不用什麼原因
Cuz you're the one I need yeah yeah
或許現在不是戀愛的季節
別再猶豫快進入我的世界
其他的 都無所謂
乘著Unicorn走不再傷悲
Feels feels feels feels
準備好 make it love love
In the rainbow 閃耀著
Fallin’in love 就我們
All the feels feels feels feels
Make it real real real real
整個宇宙 圍繞著
雨下過後 天晴了
Make it real real real real
Cuz you got me catching feels tonight
So come on let me take you on a ride
讓過程加快感受愛 tonight
車速太快 就慢慢來
我都會在
Come on here we go
就 go with the flow
手放在我的胸口
讓我的溫柔 鑽進你的心窩
Baby不用說太多
閉上眼就go 然後靜靜感受
或許現在不是戀愛的季節
別再猶豫快進入我的世界
其他的 都無所謂
乘著Unicorn走不再傷悲
Feels feels feels feels
準備好 make it love
In the rainbow 閃耀著
Fallin’in love 就我們
All the feels feels feels feels
Make it real real real real
整個宇宙 圍繞著
雨下過後 天晴了
Make it real real real real
Cuz you got me catching feels tonight
夢幻般愛裡沈睡
成份是多麽純粹
你的心由我來守衛
喜怒哀樂
都化泡沫隨風去了
美好的未來在彩虹飛馳著
All the feels give me all the feels
All the feels give me all the feels
All the feels give me all the feels
Feels feels feels feels
In the rainbow 閃耀著
Fallin’in love 就我們
All the feels feels feels feels
Make it real real real real
整個宇宙 圍繞著
雨下過後 天晴了
Make it real real real real
Cuz you got me catching feels tonight

"
0.76,U & US,U:NUS,2023-01-10,https://www.kkbox.com/tw/tc/song/OqpaE2q_MMmVd6VvyR,"

                    作詞：吳昱廷 AuZTIN／高有翔 Sean Ko／高胥崴 Guei／蔡承祐 C.Y
           
                            作曲：吳昱廷 AuZTIN／高有翔 Sean Ko／高胥崴 Guei／蔡承祐 C.Y
            
 
（高有翔）每一夜 看不清的路
每一天 我陪著你孤獨
還沒兌現怎麼可以認輸
It’s U & US
Baby only U & US

（吳昱廷）Oh my damn oh my holy
怎麼日子像快樂已經過期
我的生命到底是否太多餘
Trust me 我們熬得過去為了爭口氣
I know 沒人聽到你的求救
I know 世界沒依計畫走過
I know 這個社會太過匆匆沒有空間讓你脆弱 I know oh oh oh

（蔡承祐）Oh 從不停止奔跑
God 我向天祈禱
Know 世間的解藥
Us 怎麼尋都不夠
Everybody jump jump jump up to the sky
這思緒 落入了海
讓秩序 注入了愛

（高有翔）也未必要抬起頭 單靠著悲憤的力量仍不停地走
U-N-US 的 Penthouse 低著頭 不小心歌曲又寫了幾首
不管那氣壓有多麽地低 不管明天的我多麼地ㄍㄧㄥ
U-N-I 促成了星際的群聚 就是要用力地唱給你聽

（蔡承祐）每一夜 看不清的路
每一天 我陪著你孤獨
還沒兌現怎麼可以認輸
It’s U & US
(Only U & US ya)

（高胥崴）每一夜 看不清的路
每一天 我陪著你孤獨
還沒兌現怎麼可以認輸
It’s U & US
Baby only U & US

（高胥崴）就算是看不透 猜不透 想不透 忘不了我的夢
找尋答案 選擇 憑空想像 拼湊圖案
不讓這夢想停 我相信 這一場 被遺忘的戰役
世人們的渴望 成為你的榜樣讓世界繞著我轉

（吳昱廷）沒人在乎過你
沒人懂你
Maybe 傷害從來沒人過濾
但我想陪你
陪你背起
天打雷劈一起跌入最底
So F the world it’s nothing
遍體鱗傷 it’s nothing
記得和你一起受傷的 A-U-Z-T-I-N
Call him AuZTIN

（蔡承祐）除了第一你 註定是個Loser
照著指引走著
不斷自己糾葛
煩了 持續翻著
別怕 I will be the one
守護著你的那一個

（吳昱廷）每一夜 看不清的路
每一天 我陪著你孤獨
還沒兌現怎麼可以認輸
It’s U & US
(Only U & US ya)
（合唱）每一夜 看不清的路 （看不清的路）
每一天 我陪著你孤獨 （我陪著你孤獨）
還沒兌現怎麼可以認輸
It’s U & US
Baby only U & US

（高有翔）開頭在天上飛
畫了個圈又怎麼感覺不完美
即使往地上墜
還沒有出局那怎麼可以往後退
廢 對 但怎麼忘記
憔悴的鏡像 怎麼可能忘記
回 歸 開始的意義
跟我的夢想 談的也是義氣

（高胥崴）義氣二字寫給你看
事情未煞不能放著爛
你有膽勢就爬起來自己面對世間惡人的批判
沒人瞭解真相的背後
沒人瞭解傷害的痛苦
打破自尊 面對自己 卡多拖磨
堅持到底我才是我

（合唱）每一夜 看不清的路
每一天 我陪著你孤獨
還沒兌現怎麼可以認輸
It’s U & US
Baby only U & US
"
0.75,情勒,Marz23,2023-02-23,https://www.kkbox.com/tw/tc/song/KoZgODPBP2VFv89Pg6,"

                    作詞：Marz23 / ØZI
           
                            作曲：Marz23 / ØZI / W.LIN
            
 
我的愛想試圖佔為己有
垃圾話也說得如此輕鬆
像幻術般的難看穿被你完美包裝過的善良
可惜早看破手腳對我就是沒心你慢慢講

無條件滿足你的請求
還以為我是慈善的機構
就算做了再多次的靈修
都無法承受

don’t drag me down get over yourself
i don’t really need you now
欺騙我的同情心我攏嘛知
來！我等你互相傷害
愛終究讓人彼此折磨
彼此發了瘋的情緒勒索
反正在這個時代他媽誰都有病

被gaslight快失去判斷
請走開沒交情別再瞎掰
憑什麼要我滿足你的期待？
cuz i~ i want you out my life (全都淘汰)
掙脫這精神虐待
不欠你這份情債

說穿了只是想消費我
你哪來這麼多的理由
就算做了再多次的靈修
都無法承受

don’t drag me down get over yourself
i don’t really need you now
欺騙我的同情心我攏嘛知
來！我等你互相傷害
愛終究讓人彼此折磨
彼此發了瘋的情緒勒索
反正在這個時代他媽誰都有病

難道我們不是兄弟嗎
再繼續已讀不回啊
我知道你在那party啊
你開心就好我沒差
是為你好我沒有生氣啊
反正我沒那麼偉大
沒關係我一個人可以
okay that’s enough shut the fuck up

don’t drag me down get over yourself
i don’t really need you now
欺騙我的同情心我攏嘛知
來！我等你互相傷害
愛終究讓人彼此折磨
彼此發了瘋的情緒勒索
反正在這個時代他媽誰都有病

別情勒情勒
別情勒情勒oh oh
別情勒情勒oh oh
別情勒情勒oh oh

別情勒情勒
別情勒情勒
別情勒情勒
everybody別情勒情勒

"
0.74,撲火,A-Lin,2023-05-18,https://www.kkbox.com/tw/tc/song/GolpCDAAV7_OfjlS-i,"

                    作詞：江珂
           
                            作曲：孫長磊_Sun
            
 
編曲：楊格
製作人：楊格 / 蔡曜宇

明白我們不適合
也懂我有多不值得
但你笑著的時刻 我又飛蛾般執著
拼命的撲向你的火

哪怕燃燒掉自我
也把你當做光 捧著
在你需要我的時候 還可以為你炙熱
這樣 也算是一種快樂

我多想永遠 為你瘋 為你煎熬著
這樣的笨著 愚蠢著 不用誰說破
我從來 沒給自己 留下過別的選擇
哪怕有一點孤獨著 也孤注一擲的
在愛裡墜落

我多想永遠 為你瘋 為你輾轉著
這樣的錯著 迷惘著 痛了也不說
我不在乎 別人怎麼看 怎麼猜測
我只在乎 你今天是否 笑過哭過

哪怕燃燒掉自我
也把你當做光 捧著
在你需要我的時候 還可以為你炙熱
這樣 也算是一種快樂

我多想永遠 為你瘋 為你煎熬著
這樣的笨著 愚蠢著 不用誰說破
我從來 沒給自己 留下過別的選擇
哪怕有一點孤獨著 也孤注一擲的
在愛裡墜落

我多想永遠 為你瘋 為你輾轉著
這樣的錯著 迷惘著 痛了也不說
我不在乎 別人怎麼看 怎麼猜測
我只在乎 你今天是否 笑過哭過

"
0.73,我們到底算什麼,徐暐翔 (Vash Hsu),2023-07-06,https://www.kkbox.com/tw/tc/song/SkTq0MZGFd6eA_jiCP,"



多久了 我以為 那就這樣了
愛不⽤ 想太多 不會有揮霍

遇⾒你 的天空 快樂是真的
為了愛 ⽽寂寞 比寂寞更寂寞

能不能就這樣擁抱著
你卻説 天氣不錯

愛都愛了 還説什麼 適不適合
我們牽⼿ 放開了⼿ 那⼜如何
説什麼 愛也不能夠 天長地久
眼看城市 到處散落 燦爛煙火
我們到底算什麼 你説

關於你 的追求 不是沒聽過
多精彩 多曲折 我為你唱⾸歌

能不能就這樣擁抱著
你卻説 想要走走

愛都愛了 還説什麼 適不適合
我們牽⼿ 放開了⼿ 那⼜如何
説什麼 愛也不能夠 天長地久
眼看城市 到處散落 燦爛煙火
我們到底算什麼 你説
你別説

可惜現在沒⼈相信愛了

愛都愛了 還説什麼 適不適合
我們牽⼿ 放開了⼿ 那⼜如何
説什麼 愛也不能夠 天長地久
眼看城市 到處散落 燦爛煙火
我們到底算什麼

我和你 的拉扯 應該怎麼説
像戀⼈的朋友
只能愛不能説

"
0.72,變成星星照亮你 Stars Light You Up,張哲瀚,2023-04-13,https://www.kkbox.com/tw/tc/song/Ha0pyUXVE8K3YSYXmx,"


作詞 Lyricist：張哲瀚
作曲 Composer：張哲瀚、星期三

陽光打在臉上 我卻不願醒來
白天與黑夜一樣難捱
無聊翻著手機 害怕鈴聲響起
大腦一片空白

煙火總是短暫 俯瞰月色窗臺
能否點亮內心 小小期待
時針若是停擺 旋律靜止耳畔
去到光年以外

閉上眼 才看見 深藍色的大海
別流淚不過是 一粒塵埃
後知後覺 是我太慢 太晚

當我變成 一顆 星星 對你 輕聲歌
像恆星 不曾離開過 照亮你的銀河
這星球 多留戀 未謀面 心默念
去光亮的天邊 飛出地平線
聽啊

閉上眼 才看見 深藍色的大海
別流淚 不過是 一粒塵埃
陽光鋪滿 未來不散 我在

當我變成 一顆 星星 對你 輕聲歌
像恆星 不曾離開過 照亮你的銀河
這星球 多留戀 未謀面 心默念
去光亮的天邊 飛出地平線

當我變成 一顆 星星 對你輕聲歌
像流星 不懼怕墜落 照亮你的銀河
這未來 會比你 想像的 更好啊
鋪滿荊棘的路 開滿了鮮花
看啊
"
0.71,親害的,柏霖PoLin,2022-12-15,https://www.kkbox.com/tw/tc/song/Cqjj8tVCUh-7-vX_E8,"

                    作詞：葛大為
           
                            作曲：柏霖PoLin/吳以悠/JerryC
            
 
編曲:JerryC

剛剛燃燒的汗
一瞬間讓我畏寒
氣氛怎麼轉換
應該起身的難捱
你 冷卻得太見外

付出後的虛弱
是你不懂的寂寞
像斷片的尾奏
心反覆被蛀痛
愛 見好就收
有些健忘 千萬別深究

慾望 再洶湧
到達了以後 都會墜落

親害的 請你不要太愛我
相愛著 夠透徹 才得救
不輕易說 天長地久
你的美會害我 沉溺出錯
親愛的 你不該毫無保留
別承認 愛等於 不自由
動也不動地黏著 多嚴重

當親密的舉動
成為推開的藉口
一回一回陷落
贏不了的對手
愛 易放難收
眼看拉扯 彼此更折磨

慾望 再洶湧
到達了以後 都會墜落

親害的 請你不要太愛我
相愛著 夠透徹 才得救
不輕易說 天長地久
你的美會害我 沉溺出錯
親愛的 你不該毫無保留
別承認 愛等於 不自由
動也不動地黏著 多嚴重

親害的 wu
不輕易說 相互佔有
就讓理智阻止 你想犯錯

親愛的 你為何毫無保留
別否認 愛等於 不自由
若無其事的冷漠 才成熟

"
0.7,浮木,邱鋒澤 (Feng Ze),2022-12-22,https://www.kkbox.com/tw/tc/song/SqZzoN4NV6ObzH5GC0,"

                    作詞：葛大為
           
                            作曲：邱鋒澤 / 張暐弘
            
 
明亮的陽光下
更讓我覺得匱乏
自卑得像懲罰

以為我是 你聽不見 的聲響
自顧自地唱
你是浮木 給我肩膀

在沉沒的地方
也從不忘記仰望
找尋你的方向

以為你是 我跟不上 的步伐
你卻卸下了心防
輕輕說 別慌張

接住我 好嗎 當我最需要
這一顆心 有一個人 能分享
分分秒秒 被你認定的時光
都讓我的回憶 有重量

抱住你 好嗎 什麼也不想
不想明天 不害怕 不堅強
你會等我 等我從低谷飛翔
救贖 我曾死去 每個夢想

在沉沒的地方
也從不忘記仰望
找尋你的方向

以為你是 我跟不上 的步伐
你卻卸下了心防
輕輕說 別慌張

接住我 好嗎 當我最需要
這一顆心 有一個人 能分享
分分秒秒 被你認定的時光
都讓我的回憶 有重量

抱住你 好嗎 什麼也不想
不想明天 不害怕 不堅強
你會等我 等我從低谷飛翔
救贖 我曾死去 每個夢想

這人間 要窒息 還不急著 放棄
因為你會說 你愛我

抱住你 好嗎 什麼也不想
不想遙遠 不害怕 有悲傷
你要等我 等我離開這汪洋
抬頭 水面 之上 你就在那

"
0.69,帶你飛,告五人 (AccuseFive),2023-02-13,https://www.kkbox.com/tw/tc/song/Ckixln-KnNz6_faU7i,"

                    作詞：潘燕山
           
                            作曲：潘燕山 / 告五人 雲安
            
 
編曲:告五人 Accusefive / 韓立康 HLK

我的寶貝 你相信嗎
相信我是為了你才那麼倔強
期待有那麼一天 你能看見

我的寶貝 你還在嗎
隔著電話你大概睡著了吧
期待有那麼一天 你能明白

我要飛 要帶你飛
你喜歡在月亮上面吃草莓
我是累 是很累
草地上面蝴蝶花兒追追追
帶你飛

我的寶貝 你還在嗎
隔著電話你大概睡著了吧
期待有那麼一天 你能明白

我要飛 要帶你飛
你喜歡在月亮上面吃草莓
我是累 是很累
草地上面蝴蝶花兒追追追
帶你飛

我要飛 要帶你飛
你喜歡在月亮上面吃草莓
我是累 是很累
草地上面蝴蝶花兒追追追
帶你飛

"
0.68,等待被理解的人,張若凡RuoFan,2022-12-01,https://www.kkbox.com/tw/tc/song/Laovi08pzEPThhsb7X,"

                    作詞：城旭遠
           
                            作曲：呂至傑
            
 
編曲:蔣卓嘉

日落前的哥本哈根 已少了單純
看你追趕他的路程 遙遠的玫瑰也心疼
你說 愛要夠坦誠
才能 把早破碎的自己慢慢完整

你是等待被理解的人
想認可 想重生 為了愛個人 甘願被磨損
你是用犧牲換承認的人
再曲折 再苦澀 願意用一生 等待幸福的可能

夜深了眼裡一盞燈 枯坐到清晨
你跨在心裡的兩邊 住著兩個相似的人
他是 沸騰的星辰
愛著 緊抱著卻被耳語灼傷靈魂

你是等待被理解的人
想認可 想重生 為了愛個人 甘願被磨損
你是用犧牲換承認的人
再曲折 再苦澀 願意用一生 等待幸福的可能

掏盡勇氣 凝結時區
相信 有天劃下完美句點
懂得愛是接受一切

想認可 想重生 為了愛個人 甘願被磨損
你是用犧牲換承認的人
再曲折 再苦澀 願意用一生 等待幸福的可能

"
0.67,原來沒關系,Tiger Hu,2023-01-31,https://www.kkbox.com/tw/tc/song/1X1MAvI19YZDxBQ4Zb,"

                    作詞：艾倫
           
                            作曲：艾倫
            
 
編曲：賴暐哲

靜靜地 悄悄地 不留下任何痕跡
就像我從來都沒
出現在你的世界
為你做過的事
好比秋天的落葉
散了一地 有增無減
沒人發覺
你就像一段故事 我不能再寫
留下零零散散 潦草的句點
原來最好的關係 是沒關係
我發誓不再煩著你
與你有過的交集 我拿得起
放下卻不得已
原來和你 最遠的距離
是因為走得太近
抱歉我對朋友 還別有用心

原諒我的感覺 總是那麽遲鈍
沒理會你 不需要我的奮不顧身
原來最好的關係 是沒關係
我發誓不再煩著你
與你有過的交集 我拿得起
放下卻不得已
原來和你 最遠的距離
是因為走得太近
我不該對你別有用心
Wu 沒有關係

原來最好的關係 是沒關係
我發誓不再煩著你
與你有過的交集 我拿得起
放下卻不得已
原來和你 最遠的距離
是因為走得太近
抱歉我對朋友 還別有用心

"
0.66,火花,Ozone,2022-12-22,https://www.kkbox.com/tw/tc/song/8qLRc0eMYrrZN3otha,"



我生活的地方 滴答滴答作響
大雨一直下
你來自的故鄉 每天都是豔陽
好像在天堂
為了 找尋方向 心裡 有個夢想
我們闖進 彼此的磁場 (Oh My God)
你的正能量
趕走我那沒來由的憂鬱和沮喪
甜美的外表之下開口閉口卻很嗆
讓我的心裡發燙
不知不覺喜歡你的不一樣
兩百二的電壓 讓我蓄勢待發
危險卻又令人興奮的吸引力將我向你拉
接觸剎那 意外的綻放
愛的火花
愛的火花
I believe I believe 我們會找到解答
美麗的火花 花
將我們融化
放慢我的步伐 想要每分每秒
都在你身旁
靠在我的肩膀 親吻你的臉龐
捧你在手掌
雖然 我是小咖 沒有 汽車洋房
用盡全力 也守護你到家 (Be My Girl)
你的正能量
趕走我那沒來由的憂鬱和沮喪
甜美的外表之下開口閉口卻很嗆
讓我的心裡發燙
不知不覺喜歡你的不一樣
兩百二的電壓 讓我蓄勢待發
危險卻又令人興奮的吸引力將我向你拉
接觸剎那 意外的綻放
愛的火花
愛的火花
I believe I believe 我們會找到解答
美麗的火花 花
將我們融化
喜歡聽你唱 所以我彈吉他
想把你養胖 所以我進廚房
雖然偶爾也會吵架 雖然你有時會嫌我傻
交流電讓我們無法抵抗
愛的火花
愛的火花
I believe I believe 我們會找到解答
美麗的火花 花
愛的火花
愛的火花
I believe I believe 我們會找到解答
美麗的火花 花
將我們融化

"
0.65,腦袋都是你 - 《HIStory5-遇見未來的你》LINE TV插曲,陳勢安 (Andrew Tan),2023-02-09,https://www.kkbox.com/tw/tc/song/CqBe7aUyUh-7_Wshru,"


作詞:都智文
作曲:都智文
編曲:都智文

失眠的雨夜開著車
漫無目的的行駛著
就行駛著

發現關於你和我的
回憶散落在各個角落
每個角落

我曾以為
痛過的傷口痊癒了

我還以為
裝作無所謂的模樣就會
好過一些 會有正常的生活

腦袋裡全都是你
思念讓我快窒息
呼喊著你的名 多渴望你回應

世界全部都是你
心被寂寞挾持 我卻無能為力
勸自己放棄

失眠的雨夜開著車
漫無目的的行駛著
就行駛著

發現關於你和我的
回憶散落在各個角落
每個角落

我曾以為
痛過的傷口痊癒了

我還以為
裝作無所謂的模樣就會
好過一些 會有正常的生活

腦袋裡全都是你
思念讓我快窒息
呼喊著你的名 多渴望你回應

世界全部都是你
心被寂寞挾持 我卻無能為力
勸自己放棄

我怎麼放棄

"
0.64,無名賊,MAX,2023-03-02,https://www.kkbox.com/tw/tc/song/Om02zqPdTsIBdBELLK,"


電梯仍留著香水味
上一個 他是誰
茉莉還是玫瑰
幾樓的哪位
情緒交雜著菸草味
夜裏仍敲著琴音醉
回憶著那個他不睡
或許沒有錯對
天使化成魔鬼
不如我所願溫柔變慚愧
如今我早就已經無所謂
反正我早已失去了定位
就讓我一個人受罪 輪迴
孤獨的盤旋
在沒你的世界
如今我早就已經無力追
我連我自己都放棄挽回
天使賜予永夜
愛情的無名賊

映入眼簾的是哪一位留什麼味
複雜的情緒總是交織在每一夜
沒有一刻停止安寧的淚腺
街景讓我重複有你的畫面
甩不開的懷念
卻忘了哪天
為什麼連知覺都要奪取
我的嗅覺被記憶給佔據
如今我早就已經無所謂
反正我早已失去了定位
就讓我一個人受罪 輪迴
孤獨的盤旋
在沒你的世界
如今我早就已經無力追
我連我自己都放棄挽回
天使刺在心上罪
愛情的無名賊

天使賜在心上罪
愛情的無名賊
"
0.63,只想把你偷偷藏好(《偷偷藏不住》电视剧主题曲/片头曲),"汪苏泷, 赵露思",2023-06-18,https://www.kkbox.com/tw/tc/song/4tckMXNoLX0lEhslG5,"


作詞：汪蘇瀧
作曲：汪蘇瀧
編曲：Juno heo

那充滿微笑
和美好的地方
肆意地生長
關於你的幻想
冬日的暖陽
像你潔白牙齒一樣
一整天都在等你一個打擾

像微風來到
五六月的花香
不太敢擁抱
連說話都蹩腳
時光太潦草
抱著向日葵的合照
經不起太認真地推敲

我的世界歡迎你來到
光臨我的美好
為你準備了些我不擅長的乖巧

我也歡迎你來到
光臨我的孤島
儘管來往島嶼的只有魚和候鳥
也許是我太過笨拙太習慣逃跑
厭倦了紛紛擾擾
我只想把你偷偷藏好

若是我來到
屬於你的城市
會有點可笑
我幼稚的方式
天飄起了雪
雖然能猜到這情節
可心動依然來得無法避免

你的世界我終於來到
光臨你的美好
你的荒唐可愛對我如稀世珍寶

你也歡迎我來到
光臨你的小島
儘管來往島嶼的方式無人知曉
也許是你顧慮太多太習慣逃跑
厭倦了紛紛擾擾
我只想把你偷偷藏好

我的世界歡迎你來到
帶來我的美好
天上月亮是我在想念你的暗號

我們做彼此的外套
哪怕風雨來到
也能堅定地給對方溫暖的擁抱
關於幸福我有太多想和你探討
厭倦了紛紛擾擾
我只想把你偷偷藏好

"
0.62,曼陀羅 Datura,張哲瀚,2023-04-25,https://www.kkbox.com/tw/tc/song/8sedXapdV0ZqnfJvO5,"

                    作詞：嚴世茗/吳周爍/陳奕勤
           
                            作曲：嚴世茗/吳周爍/陳奕勤
            
 
誰    是誰在奚落
沙漠不開花朵
它只是被淹沒

我    有我的傳說
歷經千年的因果
浴火中復活
就算是沒人贊頌我

在荒漠中的曼陀羅
風沙中娑婆
世界再紛擾 絕不會退縮

我就是一朵曼陀羅
你別害怕我
海市蜃樓中 我是我

誰    是誰在奚落
沙漠不開花朵
它只是被淹沒

我    有我的傳說
歷經千年的因果
浴火中復活
就算是沒人記得我

在荒漠中的曼陀羅
風沙中娑婆
世界再紛擾 絕不會退縮

我就是一朵曼陀羅
你別害怕我
海市蜃樓中

在黑夜冷風中獨守寂寞
相信堤岸已不遠
就在光明的那邊
我們在終點 在終點相見

我的名字叫曼陀羅
永不會雕落
世人再擾攘       絕不會沉默

我就是一朵曼陀羅
我是我  我是我

"
0.61,想跟你就這樣靠得越來越近 - 《HIStory5-遇見未來的你》LINE TV片頭曲,Ozone,2022-12-22,https://www.kkbox.com/tw/tc/song/Wqx88-tKTPWt6A3e3G,"



想跟你就這樣 靠得越來越近
你先閉眼睛 感受我呼吸
想跟你就這樣 靠得越來越近
不准逃離
想跟你就這樣 靠得越來越近
你快仔細聽 心跳的聲音
想跟你就這樣 靠得越來越近
就等你說可以
告訴我你的秘密
我只想留下你
陪著你一起經歷
這種那種心情
現在就過來我這裡
瘋掉 真的要等不及
不需要那麼清醒
當我和你在一起
我就快要被吞沒
暫停這個時空
你美的 不像真的
想跟你就這樣 靠得越來越近
你先閉眼睛 感受我呼吸
想跟你就這樣 靠得越來越近
不准逃離
想跟你就這樣 靠得越來越近
你快仔細聽 心跳的聲音
想跟你就這樣 靠得越來越近
就等你說可以
The way you looking at me
You got me floating in a dream ,ehh
如果這是夢我真的不想要醒來 ohh
會怕的話要不要牽我手
交給我直接幫你把煩惱全部都吸收
有時候 你想得太多
有時候 我想帶你逃走
你跟我一起想給妳快樂
我跟你之間再也藏不住了
現在就過來我這裡
瘋掉 真的要等不及
不需要那麼冷靜
當我和你在一起
(All I want is you and me)
想跟你就這樣 靠得越來越近
你先閉眼睛 感受我呼吸
想跟你就這樣 靠得越來越近
不准逃離
想跟你就這樣 靠得越來越近
你快仔細聽 心跳的聲音
想跟你就這樣 靠得越來越近
就等你說可以

"
0.6,你是我這輩子最想愛的呀,五堅情WOLF(S) (邱鋒澤、陳零九、黃偉晉、賴晏駒、婁峻碩),2023-08-31,https://www.kkbox.com/tw/tc/song/4ksoMvj_WkaL-vvRVr,"

                    作詞：陳零九
           
                            作曲：邱鋒澤、張暐弘
            
 
最後的畫面停在 斷訊的祝福
我沒有再回覆 就快忍不住
你說過 愛就該灑脫
帶一點點 溫柔
我微笑 怕情緒太赤裸
遺憾的是我還有 好多話沒說
那些承諾過的 只能藏心中
如果有一天緣分還
能牽手
你是否願意 再次跟我走
你是我 這輩子 最想愛的呀
如果時間 剩最後一粒沙
放在心上
化成流星許願在你身旁
相信 餘生會是你呀
哪怕是 會受一點點 的傷
晚一點又何妨 愛情的模樣

最後的畫面停在 斷訊的祝福
我沒有再回覆 就快忍不住
你說過 愛就該灑脫
帶一點點 溫柔
我微笑 怕情緒太赤裸
遺憾的是我還有 好多話沒說
那些承諾過的 只能藏心中
如果有一天緣分還
能牽手
你是否願意 再次跟我走
你是我 這輩子 最想愛的呀
如果時間 剩最後一粒沙
放在心上
化成流星許願在你身旁
相信 餘生會是你呀
哪怕是 會受一點點 的傷
晚一點又何妨 愛情的模樣

深愛著 卻彼此蹉跎
只要你開心就夠
就算是 那個人 不 是我
你是我 這輩子 最後愛的呀
如果時間 剩最後一粒沙
放在心上
化成流星許願在你身旁
相信 餘生會是你呀
哪怕是 給我一點點 力量
晚一點又何妨 愛情的模樣
望著你的遠方 炙熱的目光

"
0.59,別離開好嗎 (《第9節課》插曲),許書豪 (HAOR),2023-01-05,https://www.kkbox.com/tw/tc/song/1XcZ8QJF9YZDyiF2_j,"

                    作詞：許書豪
           
                            作曲：許書豪
            
 
你好像早已遠去
但我還在原地
以為能等得到你

我懂你關了門的心
但那麼傻的我
也只能愛著下去

風冷冷的 吹凍了臉龐
你選擇忘在那節課堂
我努力試著去明白
這世上總有太多事與願違

別離開好嗎 有那麼難受
他對你好嗎 讓你那麼著迷
我會裝作 安靜從天黑到天亮
就算知道不再回頭

別離開好嗎 讓我來承受
在他的面前 看似有多可笑
就這樣放了 沒有了心跳
我離開好吧

他能多了解你的心
而那麼傻的我
沒太多花樣方式

風冷冷的 怎濕了臉龐
我執著留下一絲希望
你笑著要我去明白
這世上總有太多事與願違

別離開好嗎 有那麼難受
他對你好嗎 讓你那麼著迷
我會裝作 安靜從天黑到天亮
就算知道不再回頭

別離開好嗎 讓我來承受
在他的面前 看似有多可笑
就這樣放了 沒有了心跳
我離開好吧

"
0.58,大海,韋禮安 (WeiBird),2023-03-13,https://www.kkbox.com/tw/tc/song/4pElvkWxiO7N7xcxKZ,"

                    作詞：陳大力
           
                            作曲：陳大力 / 陳秀男
            
 
從那遙遠海邊 慢慢消失的你
本來模糊的臉 竟然漸漸清晰
想要說些什麼 又不知從何說起
只有把它放在心底

茫然走在海邊 看那潮來潮去
徒勞無功 想把每朵浪花記清
想要說聲愛你 卻被吹散在風裡
猛然回頭 你在那裡

如果大海能夠喚回曾經的愛
就讓我用一生等待
如果深情往事你已不再留戀
就讓它隨風飄遠

如果大海能夠帶走我的哀愁
就像帶走每條河流
所有受過的傷 所有流過的淚
我的愛 請全部帶走

茫然走在海邊 看那潮來潮去
徒勞無功 想把每朵浪花記清
想要說聲愛你 卻被吹散在風裡
猛然回頭 你在那裡

如果大海能夠喚回曾經的愛
就讓我用一生等待
如果深情往事你已不再留戀
就讓它隨風飄遠

如果大海能夠帶走我的哀愁
就像帶走每條河流
所有受過的傷 所有流過的淚
我的愛 請全部帶走
全部帶走
全部帶走

"
0.57,大人,梁靜茹 (Fish Leong),2023-05-18,https://www.kkbox.com/tw/tc/song/9ZUvfGyus_ZpGvARQF,"


作詞:姚若龍
作曲:周興哲
編曲:吳加恩

想用失聯去塵封的人
被時間給解放了
分分合合 苦澀都是真的
幸福也 是真的

不深愛了就不記恨了
不糾結了就懂了
只有自己 才能將自己困著
往自由的車 叫割捨

大人啊 是不停長大的人
能縮小了舊傷痕
越再生也越完整

大人啊 是淚當酒喝的人
讓算命都不準
絕望時分彷彿脆弱 又強韌

不再幽怨就能幽默了
不對抗就感性了
五味雜陳 鼻酸不已的片刻
是你低啞說 你錯了

大人啊 是不停長大的人
能縮小了舊傷痕
越再生也越完整

大人啊 是淚當酒喝的人
讓算的命都不準
絕望時彷彿脆弱 又強韌

大人啊 也是想被愛的人
把責任揹著等
被抱抱和心疼

大人啊 也是學不乖的人
有躁動的靈魂
想絢爛而玩火 卻焚身

"
0.56,下一次哭,承桓,2023-05-11,https://www.kkbox.com/tw/tc/song/HXV6YUJIaXJ8Z0DecN,"


其實一切都已無所謂
燃成煙火或落成余灰
是沉迷美夢的虛偽
或著摟住自己入睡
把自己託付給黑夜
也算自我安慰

夜裡回憶顯得格外美
寂寞也顯得格外尖銳
最好有天能把自己
分裂成兩位
來分攤這孤獨帶來的自卑

我祝自己下一次哭
是因為很幸福
是否攢夠了失望
才能換來眷顧
沒說出的話
卻在耳邊不停的重複
藏在心底的房間
最後剩我一個人住

黑夜裡漫步
卻得不到救贖
獨自走在空曠的路
難免顯得有些孤獨
沉默喧囂的麻木
寂寞也是自己的落幕
不值一提的風度
配不上深情一場的付出

夜裡回憶顯得格外美
寂寞也顯得格外尖銳
最好有天能把自己
分裂成兩位
來分攤這孤獨帶來的自卑

我祝自己下一次哭
是因為很幸福
是否攢夠了失望
才能換來眷顧
沒說出的話
卻在耳邊不停的重複
藏在心底的房間
最後剩我一個人住

黑夜裡漫步
卻得不到救贖
獨自走在空曠的路
難免顯得有些孤獨
沉默喧囂的麻木
寂寞也是自己的落幕
不值一提的風度
配不上深情一場的付出
"
0.55,痛苦擁抱 - 愛奇藝原創華劇《不良執念清除師》主題曲,"Ozone, 張若凡RuoFan",2023-04-17,https://www.kkbox.com/tw/tc/song/OkwLc_EHwySdKAs_Zy,"


作詞:張伍
作曲:耀謙WILLY/張少瑜Charles Chang/紀冠宇Kuan

看見也看不見 我困在一道牆面
走卻走不遠
隱約也不隱約 撕心裂肺的感覺蔓延
怪物般的我們 在黑暗中顫抖摸索
交疊的相似不斷交錯

我們在對抗痛苦的枷鎖
我們在對抗也對過往相擁
想解放眷戀不再執著
直到互相救贖不被囚禁
看前面有一點清晰

看見不想看見 像霧氣般的想念
已離我很遠
隱約不再隱約 聲嘶力竭已無法沉澱
怪物般的我們 在黑暗中顫抖行走
既往的相似不斷交錯

我們在對抗痛苦的枷鎖
我們在對抗也對過往相擁
也放下執著不再眷戀
直到互相救贖不被囚禁
看前面的光點亮起

"
0.54,雨愛,Various Artists,2023-01-02,https://www.kkbox.com/tw/tc/song/1XXrW7JF9YZDxFXGx_,"

                    作詞：Wonderful
           
                            作曲：金大洲
            
 
窗外的天氣
就像是 你多變的表情
下雨了 雨陪我哭泣
看不清 我也不想看清

離開你 我安靜的抽離
不忍揭曉的劇情
我的淚流在心裡
學會放棄

聽雨的聲音 一滴滴清晰
你的呼吸像雨滴滲入我的愛裡
真希望雨能下不停
讓想念繼續 讓愛變透明
我愛上給我勇氣的 Rainie love

窗外的雨滴 一滴滴累積
屋內的濕氣像儲存愛你的記憶
真希望雨能下不停
雨愛的秘密 能一直延續
我相信我將會看到
彩虹的美麗

冷冷的空氣
很窒息 我無法呼吸
一萬顆 雨滴的距離
很徹底 讓愛消失無息

離開你 我安靜的抽離
不忍揭曉的劇情
我的淚流在心裡
學會放棄

聽雨的聲音 一滴滴清晰
你的呼吸像雨滴滲入我的愛裡
真希望雨能下不停
讓想念繼續 讓愛變透明
我愛上給我勇氣的 Rainie love

窗外的雨滴 一滴滴累積
屋內的濕氣像儲存愛你的記憶
真希望雨能下不停
雨愛的秘密能一直延續
我相信我將會看到
彩虹的美麗

屋內的濕氣像儲存愛你的記憶
真希望雨能下不停
雨愛的秘密能一直延續
我相信我將會看到
彩虹的美麗

"
0.53,謝幕,林俊傑 (JJ Lin),2023-03-24,https://www.kkbox.com/tw/tc/song/SovBvr181DbhbmiTvR,"

                    作詞：林怡鳳 Yvonne Lin / 林秋離 Eric Lin
           
                            作曲：林俊傑 JJ Lin
            
 編曲：黃冠龍 ALEX.D / 林俊傑 JJ LIN
製作人：林俊傑 JJ LIN

你會寫下什麼呢
關於面對告別的歌
看雨落下 圈圈圓圓圈圈
圈亂我心中一地沙漠
彷彿聽到你笑了
像往常一樣甩甩頭
把眼光放得遠遠的
說著無關緊要 是你獨特的溫柔

你點亮多少霓虹 圓滿了誰的夢
指引我走過懵懂 學你的灑脫
每一次謝幕後
掙扎轉身 能如此從容
你留下深夜燈火 溫暖了誰的痛
天再黑都有首歌能夠接住我
靜靜聽你說
離愁到底能有多痛 直到心碎了才懂

你有沒有發現呢
世界充滿你的影蹤
曾經的過客 天天年年天天
有一天會再相逢
彷彿明白你了
總不斷和命運交手
把心掏得空空的
放進每一首歌 是你能給的溫柔

你點亮多少霓虹 圓滿了誰的夢
指引我走過懵懂 學你的灑脫
每一次謝幕後
掙扎轉身 能如此從容
你留下深夜燈火 溫暖了誰的痛
天再黑都有首歌能夠接住我
靜靜聽著你說離愁到底能有多痛
直到心碎了才懂
被你偷走的心情放晴了
你轉身在謝幕前的煙火
絢爛奪目 如你一生瀟灑

點亮多少霓虹 圓滿幾個夢
仰望你的自由 學不來的灑脫
微笑謝幕轉身
獨自遠走 你如此從容
你留下深夜燈火 溫暖了傷痛
天再黑都有你那首歌接住誰
你不為誰也為誰 早已寫下結尾
當你走遠才懂了

他是誰
"
0.52,沒有開口 (Don't Leave Me),九澤CP,2023-05-29,https://www.kkbox.com/tw/tc/song/StBP_8gC4xyDLqIpfl,"

                    作詞：Mercury
           
                            作曲：陳零九 Nine Chen/邱鋒澤 Feng Ze/張暐弘 Hoong
            
 
編曲:張暐弘 Hoong

還沒幸福怎已走到結尾
是我粗心沒注意到你的疲憊
再三潑了冷水 換自私的優越
將你逼退 退出永遠

或許自卑在心裡面作祟
明明承諾了幸福卻沒資格給
時光倒流不回 道理我都理解
自我後悔 多心碎狼狽

為什麼 沒有開口 沒有回頭 沒有放手
是不是你也會不捨難過
就算只是衝動 這次能不能輸我
不要說 祝福我
讓冷漠掩蓋溫柔

因為我 沒能放過 沒能逃脫 沒能自由
都是我活該吞嚥著歉疚
讓你失望的我 是真的願改過
能否別錯過 愛我別走

或許自卑在心裡面作祟
明明承諾了幸福卻沒資格給
時光倒流不回 道理我都理解
自我後悔 多心碎狼狽

為什麼 沒有開口 沒有回頭 沒有放手
是不是你也會不捨難過
就算只是衝動 這次能不能輸我
不要說 祝福我
讓冷漠掩蓋溫柔

因為我 沒能放過 沒能逃脫 沒能自由
都是我活該吞嚥著歉疚
讓你失望的我 是真的願改過
能否別錯過 愛我別走

再一次 就一次 我們孤注一擲
這一次 要一次 走完一生一世
也許只需一次嘗試

為什麼 沒有開口 沒有回頭 沒有放手
是不是你也會不捨難過
就算只是衝動 這次能不能輸我
不要說 祝福我
讓冷漠掩蓋溫柔

因為我 沒能放過 沒能逃脫 沒能自由
都是我活該吞嚥著歉疚
讓你失望的我 是真的願改過
能否 別錯過 愛我別走

"
0.51,當我變成我們,鼓鼓 呂思緯,2023-04-11,https://www.kkbox.com/tw/tc/song/4ruWE0sgSSJLqc3da5,"

                    作詞：呂思緯 Agoo Lu / 陳信延 Yuen Chen
           
                            作曲：呂思緯 Agoo Lu / 溫奕哲Phil Wen
            
 
編曲：溫奕哲 Phil Wen

我想起那晚的胡鬧
認識了你真好
回顧那些年的舊照
嘴角藏不住笑

牆壁上貼滿的車票
紀錄旅程美好
你的笑是種特效藥
我永遠戒不掉

不知道這樣過了幾年
每分每秒都值得紀念
紀念著我們相遇的一切

當女孩變成女人
她陪你走過苦澀
當青春漸漸消逝
她依然不會迷失

當男孩變成男人
他終於不再浮沉
愛不會只剩形式
我依然愛你如此

讓愛變成我們

那時我們只顧擁抱 沒空停下思考
也說過要一起到老 聽起來像玩笑
或許我們還在尋找 傳說中的城堡
你倒在我肩上睡著 原來這樣就好

不知道這手牽了幾年
原來每一刻都是永遠
永遠就是有你在我身邊

當女孩變成女人
她陪你走過苦澀
當青春漸漸消逝
她依然不會迷失

當男孩變成男人
他終於不再浮沉
愛不會只剩形式
我依然愛你如此

讓愛變成我們

當女孩變成女人
她陪你走過苦澀
當青春漸漸消逝
她依然不會迷失

當男孩變成男人
他終於不再浮沉
愛不會只剩形式
我依然愛你如此

當你變成了我們
完美了這趟旅程
就算有再多挫折
別怕還有我在這

當我變成了我們
你就是我的責任
讓不可能都成真
將未完成的完成

讓愛變成我們
讓我變成我們

"
0.5,More Than Friends - 《HIStory5-遇見未來的你》LINE TV插曲,陳勢安 (Andrew Tan),2023-03-01,https://www.kkbox.com/tw/tc/song/HavBngU1E8K3bVdQGp,"

                    作詞：吳國菲
           
                            作曲：吳國菲
            
 
編曲:Sean Ong王耀建、 Keon佳旺

一點點 一天天 一瞬間才發現
那一條堅固卻隱形的線 隨時間飄零不見

傻乎乎 不清楚 還裝酷 愛吃醋
才發現不可思議的改變 喜歡有你在身邊

I just wanna be more than friends
為何裹足不前 你我之間
不止有那麼一點點
I just wanna be your boyfriend
給love一個起點 oh
這一公尺的距離是個大冒險

一點點 一天天 一瞬間 才發現
那一條堅固卻隱形的線 隨時間飄零不見

傻乎乎 不清楚 還裝酷 愛吃醋
才發現不可思議的改變 喜歡有你在身邊

I just wanna be more than friends
為何裹足不前 你我之間
不止有那麼一點點
I just wanna be your boyfriend
給love一個起點 oh
這一公尺的距離是個大冒險

或許是我自己想太多 你心裡根本容不下我
卻還是心甘情願鑽牛角尖

I just wanna be more than friends
為何裹足不前 你我之間
不止有那麼一點點
I just wanna be your boyfriend
給love一個起點 oh
這一公尺的距離是個大冒險

"
0.49,寂寞的另一端 - 電影《我的婆婆怎麼把OO搞丟了》主題曲,炎亞綸 (Aaron Yan),2023-01-08,https://www.kkbox.com/tw/tc/song/GkC8I1q-nSw3RGgGzb,"

                    作詞：Shawn尚融 / 百罡
           
                            作曲：Shawn尚融/李百罡/JerryC
            
 
編曲:JerryC、李百罡、Shawn尚融

誰能找回我
走偏了的方向
一步一步步的迷惘
星空下的我
總害怕被遺忘
看萬家燈火
哪一盞沒點亮

哭著鬧著
聽著舊情歌
走著走著
發現還有你呢

在寂寞的另一端
還有我能陪著你就好
一起無聊
一起怎樣都好

在寂寞的另一端
會有流星為你降落
看月光
許下不說的願望

誰能找回我
走偏了的方向
一步一步步的迷惘
星空下的我
總害怕被遺忘
看萬家燈火
哪一盞沒點亮

哭著鬧著
聽著舊情歌
走著走著
發現還有你呢

在寂寞的另一端
還有我能陪著你就好
一起無聊
一起怎樣都好

在寂寞的另一端
會有流星為你降落
看月光
許下不說的願望

陪著你
看月光
許下不說的願望

漸漸找回我
走偏了的方向
已不知不覺
不知不覺
晴朗

"
0.48,"我不是神 , 我只是平凡卻直拗愛著你的⼈",林宥嘉 (Yoga Lin),2023-04-13,https://www.kkbox.com/tw/tc/song/5-KZH2S-i4L5osKi8Z,"


作詞：姚謙Yao Chien/林宥嘉 Yoga Lin
作曲：林宥嘉 Yoga Lin
編曲：林宥嘉 Yoga Lin/柯遵毓Jack Ko/徐研培Eric Hsu/黃亮傑AJ

北極光 憂鬱地 嘆息著
離邊界一百米
抹不去的顏色

雨靜止 在你的 陽台口
隨手一捧它就
指縫間流淚了

流連 黑夜 的北國 也曾眺望 永恆白晝
轉眼霜降 預言了最終 一切迎向大雪 戛然沈默

還是不懂 為什麼
為什麼 你不愛我 我還在原地等候
一直到世界盡頭 還有我
我不是神，我只是平凡卻直拗愛著 你的人

女孩說 我只能放開手
擁抱有些倦了
開始不確定了

還緊握 回憶裡的彩虹
只剩風 陪著我
已經過了多久

流連 黑夜 的北國 也曾眺望 永恆白晝
轉眼霜降 預言了最終 全都迎向大雪 戛然沈默

還是不懂 為什麼
為什麼 你不愛我 我還在原地等候
一直到世界盡頭 還有我
我不是神，我只是平凡卻直拗愛著，能不能

殞落的石頭 快窒息的湖泊 將我 堆砌淹沒
絕望的黑洞 灼人的火焰 也讓我 為你吞沒
就算不能承受 我也想為你復活

Oh 還是不懂 為什麼
為什麼 你不愛我 我站在原地等候
一直到世界盡頭 還有我
我不是神，我只是平凡卻直拗愛著 你的人

"
0.47,你所到之處 (就下雨),告五人 (AccuseFive),2023-02-13,https://www.kkbox.com/tw/tc/song/Cm9V6Nk1tBWGqNoIxL,"

                    作詞：潘燕山
           
                            作曲：告五人 雲安
            
 
編曲:告五人 Accusefive/韓立康 HLK/徐平 Hsu Ping

一半是你的貪婪
我的指環鑲嵌另一半
錯就錯在所愛
錯在無奈給與更多關懷

你所到之處就下雨
就連雨傘都為我嘆息
這城市漫天大雨
這壞天氣
找誰不容易
可天真是我的決定

我不想成為負擔像你的鞋帶
找你出門麻煩
讓雨水為我灌溉把缺憾填滿
不讓悲從中來

你所到之處就下雨
就連雨傘都為我嘆息
這城市漫天大雨
這壞天氣
找誰不容易

你所到之處就下雨
我撐著傘在街頭尋覓
這城市樓高幾許
就連下雨
都斷斷續續
可我天真不懂放棄 Meow

想當然你的表情
是一巴掌帶來空蕩地回音
愛就是無常天氣
召來了烏雲
綻放了雨季
但說不定你會放晴 Meow

"
0.46,玫瑰少年 - From THE FIRST TAKE,蔡依林 (Jolin Tsai),2023-06-18,https://www.kkbox.com/tw/tc/song/La7nhH-JzEPThD4q4n,"


作詞：蔡依林/五月天阿信
作曲：剃刀蔣/蔡依林
編曲：陳君豪Howe

誰把誰的靈魂 裝進誰的身體？
誰把誰的身體 變成囹圄囚禁自己
亂世總是最 不缺耳語
哪種美麗會 喚來妒忌
你並沒有罪有罪是這世界

生而為人無罪
你不需要抱歉
One day I will be you baby boyand you gon' be me

喧嘩如果不停
讓我陪你安靜
I wish I could hug you till you're really really being free

哪朵玫瑰 沒有荊棘？
最好的 報復是 美麗
最美的 盛開是 反擊

別讓誰去改變了你
你是你 或是妳 都行
會有人 全心的 愛你

試著想像 you switched to his body
Sexuality 當心 什麼會傷你
多少次的重傷 多少次的冷語
Drowning 誰會拉你 dreaming 誰會陪你

Same shit happens every day.
你離開後 世界可改變？
多少無知罪愆 事過不境遷
永誌不忘記念 往事不如煙

生而為人無罪
你不需要抱歉
One day I will be you baby boyand you gon' be me

喧嘩如果不停
讓我陪你安靜
I wish I could hug you till you're really really being free

哪朵玫瑰 沒有荊棘？
最好的 報復是 美麗
最美的 盛開是 反擊

別讓誰去 改變了你
你是你 或是妳 都行
會有人全心的 愛你

玫瑰少年 在我心裡
綻放著 鮮豔的 傳奇
我們都 從來沒 忘記

你的控訴 沒有聲音
卻傾訴 更多的 真理
卻喚醒 無數的 真心

"
0.45,On My Way《地獄里長》主題曲,"Sophie Chen, 高爾宣 OSN",2023-06-04,https://www.kkbox.com/tw/tc/song/4m9-aHnHf387q7GUfm,"


I’m on my way
未來在懸空
OH
想學會寬容
也許會海闊天空
OH
I‘m on my way
凡事的春夏秋冬
也來去匆匆
雨後太陽有彩虹
I’m on my way
’m on my way
還在思考夠不夠前衛
Making moves 晃掉那些流言蜚語
你值得感到驕傲說聲Hell yeah babe
我曾經想要做的 I did it
那些惡的夢也做了dammit I wake up
煩腦不只放得快
得放下那些包袱
放下物質上的life
願你站在善的那邊
那是不一樣的vibe
Speeding on a high way
Still figuring out which ways the right way
我看不到真相
有時也會被逼得真的沒有退路
Just take your shot 不管會不會吐
Be the king be the truth
Bear the weight bear the crown
如果你在贏就會有人要put you down
Keep in mind it’s not your problem
Everyday shit happens
But life’s good yea I promise
I’m on my way
時間在流動
OH
想學會寬容
也許會海闊天空
OH
I‘m on my way
凡事的春夏秋冬
也來去匆匆
雨後太陽有彩虹
I’m on my
Way
I‘m on my way
多少次無所適從
還是堅持不回頭
I’m on my way
我面帶笑容
I‘m on my way
更多對立更多信徒
世界需要更多回應更多淨土
I don’t understand 也想保持正面
我們都能stay strong 去對抗這些病毒
攻擊只會越來越癢
被惡意中傷不怪隊友沒來協防
我抬頭挺胸其他問題別來別煩
以前買不起Nike 現在蓋了鞋牆
Cuz I don’t wanna fall
I don’t wanna fall away
But I don’t wanna fake it
Hope that I could make it one more day
I don’t wanna fall apart
Gonna go back to the start
living like a fuckin star cuz
I’m on my way
時間在流動
OH
想學會寬容
也許會海闊天空
OH
I‘m on my way
凡事的春夏秋冬
也來去匆匆
雨後太陽有彩虹
I’m on my
Way
I‘m on my way
多少次無所適從
還是堅持不回頭
I’m on my way
我面帶笑容
I‘m on my way
春夏秋冬
雨後有彩虹
春夏秋冬
雨後有彩虹
多少次無所適從
還是堅持不回頭
I’m on my way
我面帶笑容
I‘m on my way
"
0.44,這天（蘇打綠版）,蘇打綠 (Sodagreen),2023-01-12,https://www.kkbox.com/tw/tc/song/OnJzAJkbo9axP2T95K,"

                    作詞：吳青峰
           
                            作曲：吳青峰
            
 
編曲:魚丁糸

夠深刻了嗎？ 來躺下吧
讓我輕撫你安慰 傷害我後的疲累
夠尖銳了嗎？ 看我的疤
用溫柔包覆勇敢 給喘息的你笑臉

生命從來不覺得自己對誰該負責任
太多虛偽情節的表面模糊陌生的眼

請讓我在你身邊 一起穿越這條街
請讓我在你身邊 一起紀念這一天

夠痛快了嗎？ 我知道啊
躲在你利刃之內 驕傲的自卑作祟
夠鮮豔了嗎？ 血染的花
被你刺滿的雙手 此刻擦乾你眼淚

生命從來不覺得自己對誰該負責任
我們看了編造的謊言 就如此輕易將彼此劃成碎片
太多虛偽情節的表面模糊陌生的眼

請讓我在你身邊 一起穿越這條街
請讓我在你身邊 一起紀念這一天

總有一天我們都死去 丟掉名字的回憶再沒有意義
總有一天我們都忘記 曾為了一個越演越爛的故事傷心
總有一天我們都嘆息 笑著緬懷有過的愚蠢的美麗

就讓現在過去
讓我握你的手 讓你握我的手
徹底了解顫抖 你會知道我

讓我握你的手 讓你握我的手
徹底了解顫抖 你會知道我

讓我握你的手 你會知道我
讓我在你身邊 一起穿越這條街
請讓我在你身邊 一起紀念這一天

（透過我的眼淚看你的臉)
這一天 (自由是我們需要的特權)
這一天 (你笑了 我笑了）
這一天

"
0.43,我們之間 - 做工的人電影版 主題曲,動力火車 (Power Station),2023-03-30,https://www.kkbox.com/tw/tc/song/4r8cS_sgSSJLqG7osM,"


作詞:張峰毓、張學瀚
作曲:張暐弘

你的手裡生了繭 夾著剛點燃的菸
都沒有發覺 掉落的不是菸灰

看你拼搏過幾回 傷痕累累也無所謂
事到如今會不會後悔

沒掉的眼淚 你總是笑著面對
擦乾了汗水 你撐起全世界

你和我之間 不只是一個稱謂
風光或狼狽 都是我的優越
其實很慚愧 沒多理解你一些
幸好曾一起的時間 也不算浪費

你和我之間 沒什麼可以省略
歡笑或淚水 想再回味一遍
看你的側臉 哪怕些許的憔悴
只要想你還在身邊 就滿足⼀點
就放心一些

細數著你的夢想 不顧一切的模樣
你快樂過嗎 想聽聽你的回答

不怕別人怎麼想 只怕我們不同目光
我更怕世界對你不善良

沒掉的眼淚 你總是笑著面對
擦乾了汗水 你撐起全世界

你和我之間 不只是一個稱謂
風光或狼狽 都是我的優越
其實很慚愧 沒多理解你一些
幸好曾一起的時間 也不算浪費
還能藏心裡面

你和我之間 該怎麼好好告別
感謝或虧欠 該怎麼說才對
倒數的時間 說不出口的再見
多後悔沒有更體貼 更完美一些

你和我之間 沒什麼可以省略
歡笑或淚水 想再回味一遍
看你的側臉 哪怕些許的憔悴
只要想你還在身邊 就滿足一點
就放心一些

"
0.42,我想要佔據你,告五人 (AccuseFive),2023-02-13,https://www.kkbox.com/tw/tc/song/9Xf0b6xS3wYrCgzTWu,"

                    作詞：告五人 雲安
           
                            作曲：告五人 雲安
            
 
編曲:告五人 Accusefive / 陳君豪 Howe Chen

清晨的光 彌補猜想
早安太早 睡意滋長

只想 跟隨你的腳步 回到家
可是 曖昧告訴我不能這樣

舉止行為要正常
就怕太多會踉蹌

怎麼辦 怎麼辦 怎麼辦
到底該不該 該不該 停止這種想法

我想要佔據你
佔據你的美
佔據你的一切且無可厚非
用誠實的身體
再親吻你
再佔據你的手機記憶體

我想要佔據你
佔據你的美
佔據你的王位且絕不後退
用可憐的雙眼
來問問你
可不可以讓我抱緊你

黃昏的光 沉默遠方
晚安太早 無話可講

只想 跟隨你的腳步 回到家
可是 曖昧告訴我不能這樣

舉止行為要正常
就怕太多會踉蹌

怎麼辦 怎麼辦 怎麼辦
到底該不該 該不該 停止這種想法

我想要佔據你
佔據你的美
佔據你的一切且無可厚非
用誠實的身體
再親吻你
再佔據你的手機記憶體

我想要佔據你
佔據你的美
佔據你的王位且絕不後退
用可憐的雙眼
來問問你
可不可以讓我抱緊你

太快的問候都有盲點
太慢的話語都有句點
剛好的距離是突破點
絕佳的時機要成熟點

太快的關係會有危險
太慢的進展會斷了線
成熟的自己早該出現
幼稚的⼼靈藏在裡面

我想要佔據你
佔據你的美
佔據你的一切且無可厚非
用誠實的身體
再親吻你
再佔據你的手機記憶體

我想要佔據你
佔據你的美
佔據你的王位且絕不後退
用可憐的雙眼
來問問你
可不可以讓我抱緊你

"
0.41,麻克與林送夫,Various Artists,2023-03-18,https://www.kkbox.com/tw/tc/song/PYKvwC_iNHxJsjnmGx,"


麻克&林送夫
When I walking down the street
看見馬克被人帶走
爾宣紅透半邊天 阿夫卡歹命做外送
我的馬伕 馬伕
麻克與林送夫 yeah
馬伕 馬伕
麻克與林送夫 yeah

Savage m
你很享受現在每一天
進去夠有擔當
出來變小弟 改叫garbage m
After party 上海派對到失明
去監獄找Toyz
高雄free馬克 台北freeyb
You don't need no filter
今天你就輸了
假釋讓你看future
我的老大了不起，負責
你是大哥但不是Gucci mane
香客大樓裡面住幾天
你會freestyle所以有加分
19年去蹲21年freeman
穿過沙漠 可是你丟下阿法
Hands in the air 外面全是警察
詐騙集團 高雄地下的NASA
曬黑的黃秋生
猜猜我找到了啥？

When I walking down the street
看見馬克被人帶走
爾宣紅透半邊天 阿夫卡歹命做外送
我的馬伕 馬伕
麻克與林送夫 yeah
馬伕 馬伕
麻克與林送夫 yeah

看我的鼻音夠夾雞
跟我對話我不聽
跟女友親吻 喝酒醉
她會先被鼻子親
所以阿夫come on
我學太誇張
聖夫貶為送夫感謝我的提拔
接你的單吧 fucking asshole
你這樣的人才該被埋沒
我寫的是抱負你寫奶頭
我不討厭你只看你沒有
敬你一杯敬你兩杯
Uber eat 欠你一個獎盃
我說不完後面還有
高爾宣超紅阿夫外流
不小心說溜嘴摟
林聖夫鼻子好大
一家四口住在裡旁
冬天溫暖夏天涼

When I walking down the street
看見馬克被人帶走
爾宣紅透半邊天 阿夫卡歹命做外送
我的馬伕 馬伕
麻克與林送夫 yeah
馬伕 馬伕
麻克與林送夫 yeah

下局沒有你在 馬克
下局沒有你在 阿夫
這局沒有你在 阿法
只可惜 只可惜 只可惜沒有你在
"
0.4,第一千零一顆流星,蔡佩軒 (Ariel Tsai),2022-12-01,https://www.kkbox.com/tw/tc/song/8r9C1vJk59bDSSd_Fb,"

                    作詞：蔡佩軒 (Ariel Tsai)
           
                            作曲：蔡佩軒 (Ariel Tsai)
            
 
編曲:于京延 (Agwen Yu)

數著星星1234在想你
對著天空說一個秘密
知道你的心 早已被她佔據
我的快樂還在你口袋裡

請閉上眼1234學忘記
忘記有你世界多風趣
不想要失去 但我還是願意
化成泡沫消失在你的天際

第一千零一顆流星
最後一次許願給你
這次我多麼堅定
不再祈禱永遠在一起

我會一直一直愛你
但這次真的放下你

我會祝福你
但願她許願時也總
將你放在第一

吸氣吐氣1234深呼吸
睜開眼睛太陽快升起
不用變成她 讓她替我愛你
從今我會好好的照顧自己

第一千零一顆流星
最後一次許願給你
這次我多麼堅定
不再祈禱永遠在一起

我會一直一直愛你
但這次真的放下你

我會祝福你
但願她許願時也總
將你放在第一

劃過的一千顆流星
墜落中仍燒亮自己
給我勇氣 忍著淚
把自由還給你 還給自己

第一千零一顆流星
最後一次許願給你
這次我多麼堅定
不再祈禱永遠在一起

我會一直一直愛你
但這次真的放下你

我會祝福你
但願她許願時也總
將你放在第一

希望你記得
曾經有人如此愛你
將你放在第一

"
0.39,一生只督妳一人-《請問，還有哪裡需要加強》電影主題曲,玖壹壹,2023-07-13,https://www.kkbox.com/tw/tc/song/Op2NcFcgzUmSaxsSXT,"

                    作詞：洪瑜鴻/陳皓宇/廖建至
           
                            作曲：洪瑜鴻/陳皓宇/廖建至
            
 
我甲意配不起妳這款的感覺
若是有機會讓妳來煞到我妳敢嗎
愛妳的記號 我的胸口都刻妳的名
過去愛的人太多 所以我半甲刺滿滿滿

我用力的呼吸 大口吐氣
在妳那邊來用力
我來為妳充氣 當妳玩具
就算我配不上你

我想要去那所在
門關起來 雙人的世界
流出來不是眼淚 是我對妳的愛

像這款的愛 不夠格我麻都知
想要試跨麥 找機會督妳一擺
我也是想要了解 體會看看
把最好的都招待

在阮的心內 要給妳不只是愛
有一個所在 一定要參考看看
讓妳飛深山林內 找無路回來

我偷偷摸摸派了人去了解妳的底細
沒想到妳也有在鍛鍊腰力
不瞞妳說我也有按表操課 鍛鍊硬 GYM
就讓我隨時隨地嘟A落起

我只想催落去 在那車裡
或者 在車底 YOU KNOW
我只想倒貼妳 用厚臉皮
震動 妳森林 YOU KNOW

我想要去那所在
門關起來 雙人的世界
流出來不是眼淚 是我對妳的愛

像這款的愛 不夠格我麻都知
想要試跨麥 找機會督妳一擺
我也是想要了解 體會看看
把最好的都招待

在阮的心內 要給妳不只是愛
有一個所在 一定要參考看看
讓妳飛深山林內 找無路回來

一生只do do do do 督妳一個
我只愛do do do do 督妳一個
一生只do do do do 督妳一個
我只愛do do do do

像這款的愛 不夠格我麻都知
想要試跨麥 找機會督妳一擺
我也是想要了解 體會看看
把最好的都招待

在阮的心內 要給妳不只是愛
有一個所在 一定要參考看看
讓妳飛深山林內 找無路回來

只有你知的爽快 感覺也不錯

"
0.38,一直都在 - 《我的麻吉4個鬼》電影主題曲,韋禮安 (WeiBird),2023-08-07,https://www.kkbox.com/tw/tc/song/Woj_XW-D7FdqNAi2Qw,"

                    作詞：林孝謙
           
                            作曲：JerryC / WeiBird 韋禮安
            
 編曲：JerryC

又一次 孤單的遊蕩
遺失了幸福 的方向
快落下的太陽
是否為我 感到憂傷

脆弱過 更逞強 你說 盡頭會有光
擁抱自己 也就不徬徨

是誰的愛 守護我未來
生命是最寬容的海
放開的手 接住了我
不離不棄 不曾更改

是你的愛 指引我未來
深深擁抱 我的現在
告訴我 原來愛一直都在

每當我 迷失了方向
又為了明天 而心慌
抬頭看看月亮
就像有你 在我身旁

痛哭過 更堅強 你說 你是我的光
有過唯一 我就不徬徨

是誰的愛 守護我未來
生命是最寬容的海
放開的手 接住了我
不離不棄 不曾更改

是你的愛 指引我未來
深深擁抱 我的現在
告訴我 原來愛一直都在

每一個人 都在等 那個絕對的依賴
相信我也許不同
相信我也值得精彩

是誰的愛 填補了空白
提醒我 你不曾離開
溫暖的風 陪伴著我
無怨無悔 無法替代

是你的愛 指引我未來
深深擁抱 我的現在
告訴我 你是為我而存在

你是為我而存在

"
0.37,末日派對(ft. 徐若瑄),玖壹壹,2022-12-29,https://www.kkbox.com/tw/tc/song/5akPqqaTyKyO5yPEhV,"



如果 時間剩一點點
我會 笑臉看待一切
陽光 他抓的住時間
溫暖 陪我最後一天

那雙翅膀展開透露出些許的光芒
那方的你或許還在流浪
為了誰 為了他 還在悲傷
最後一刻別被遺忘
時光 沒有太多寬宏的度量
人偶爾伴隨著徬徨
勉強看到明天的太陽
此刻這裡就是天堂
OH LA OH LEY LEY
我要全部的人都作伙
OH LA OH LEY LEY
過了爽快 人就會爽快
OH LA OH LEY LEY
我們為最後一刻喝采
揮別不必要的無奈
來啦好啦 不然來暈暈轉
一去不回的塵埃
那萬物沈入滄海
換不回的殘骸
如果 能換些記憶回來
我不會靜靜等待
這派對還在

若是世界剩下最後一天 你要做什麼
若是要把時間重來 甘還有機會
做我們覺得 爽的代誌
開心就好 麥跟人比
明天的工作明天才開始
沒煩沒惱 做最鬆的自己
OH LA OH LEY LEY
我的生活都不曾來規劃
OH LA OH LEY LEY
不管工作順利還是開花
OH LA OH LEY LEY
人的一生就是這麽的短
就算時間剩不多
不管好壞 咱還是要過
一去不回的塵埃
那萬物沈入滄海
換不回的殘骸
如果 能換些記憶回來
我不會靜靜等待
這派對還在

咱搖落在街仔路
咱搖落在街仔路
咱搖落在街仔路

咱搖落在街仔路
咱搖落在街仔路
咱搖落在街仔路

"
0.36,"Someday, Somewhere (Netflix影集《此時此刻》主題曲)",蔡依林 (Jolin Tsai),2023-10-30,https://www.kkbox.com/tw/tc/song/KrNcD8Cn6Il0DEy6aw,"

                    作詞：蔡依林 Jolin Tsai / 任遲Ren Chi
           
                            作曲：蔡依林 Jolin Tsai / Richard Craker
            
 
編曲：林頡 Jie Lin / Richard Craker

Someday, somewhere
冰冷的心像海洋湛藍
Someday, somewhere
不再獨自流淚 孤單

我想要 最好的愛情
哪怕是 虛構的玩笑
此時此刻 能

痛快地說愛~
你是誰 或許都無關
只管現在
痛快告白 痛快轉身 痛快勇敢
與你相遇的那瞬間 平視著愛
somewhere, sometime
with you

Someday, somewhere
已經不為奇蹟 而存在

我想要 最好的愛情
哪怕是 虛構的玩笑
此時此刻 能

痛快地說愛~
你是誰 或許都無關
只管現在
痛快告白 痛快轉身 痛快勇敢
與你相遇的那瞬間 平視著愛
somewhere, sometime
with you

可不可能 先不想永恆
I will be there for you OH~
繁星點點 我會認得
此時此刻

我和你 結局好與壞
只管現在
痛快告白 痛快轉身 痛快勇敢
心意相通的這瞬間 我找回愛
somewhere, sometime
with you

"
0.35,離別總是那麼突然,aMEI (張惠妹),2023-03-23,https://www.kkbox.com/tw/tc/song/GkAdnCqOnSw3Thmn5D,"

                    作詞：kwan / 李焯雄
           
                            作曲：黃韻玲
            
 編曲：黃韻玲

離別總是那麼突然
我在你留給我的人間
呼吸著
你的離開

我夢見 自己的餘生
似禪
參破了
生死相依
原來輪迴只是
一種思念
生死流轉
從未迷途
因為思念你
是我唯一的
歸宿

宿命是一支暗箭
速度是一種抗辯
愛你卻 無可赦免

這餘生 無人可見
想你 有生之年
用我 自己祭奠

我夢見 自己的餘生
似禪
參破了
生死相依
原來輪迴只是
一種思念
生死流轉
從未迷途
因為思念你
是我唯一的
歸宿

我夢見 自己的餘生
似禪
參破了
生死相依
原來輪迴只是
一種思念
生死流轉
從未迷途
因為思念你
是我唯一的
歸宿

離別總是那麼突然

"
0.34,雪 Distance,Capper,2023-02-28,https://www.kkbox.com/tw/tc/song/-l-oy5XPSD43mpOxjo,"



你說我自以為是
可憐像撲火飛蛾
任憑無用的勇敢將我淹沒
這旋渦深不見底
蛻去勉強的外殼
你充滿防備的樣子不像我
會不會太久
久到這結果
明明我想要卻不敢對你說
我好想放手
卻幻想太多
悲嘆你不是世上另一個我
我願把胸膛解剖
公開脆弱的結構
有在跳動的血肉
別再只丟我骨頭
在這麼冷的天
別離我那麼遠
再靠近我一點
可是雪 飄進雙眼
看不見你橋牌的謊言
心甘情願囚禁在深淵
舔舐著傷口和刀尖
可是雪 飄進雙眼
看不見你橋牌的謊言
心甘情願囚禁在深淵
燒一捧雪花做硝煙
為什麼抿下嘴唇嚐起來像鐵鏽
神經的恐慌和不安哪個會先走
我怕這沼澤死水就要將我淹沒
求你能拉住我
就算只有幾分鐘
快要變成玩偶
可以隨意玩弄
別管我感受
只要和你聯手
我願把胸膛解剖
公開脆弱的結構
有在跳動的血肉
別再只丟我骨頭
在這麼冷的天
別離我那麼遠
再靠近我一點
可是雪 飄進雙眼
看不見你橋牌的謊言
心甘情願囚禁在深淵
舔舐著傷口和刀尖
可是雪 飄進雙眼
看不見你橋牌的謊言
心甘情願囚禁在深淵
燒一捧雪花做硝煙

"
0.33,真心話,李浩瑋 (Howard Lee),2023-06-18,https://www.kkbox.com/tw/tc/song/_Ys21ALnC3Mb_djpaS,"


作詞：李浩瑋 Howard Lee
作曲：李浩瑋 Howard Lee
編曲：蔣希謙 Johnpiz

我想我一直都在
逃避著我的真心話
想法一直在轉
卻沒聽到心跳動的筆劃
只想著往前走
時間太洶湧
我想聽到 你的真心話

聽你 說的不一樣
看你 所有的想像
抱歉 時常把你給屏蔽掉
好久 不見的訊號被干擾

也許是我執著的不再是夢
也許自然成習慣的就是我
我看不清楚 像沒方向的地圖
不確定的訊號 在我腦中阻斷了迴路

我想我一直都在
逃避著我的真心話
想法一直在轉
卻沒聽到心跳動的筆劃
只想著往前走
時間太洶湧
我想聽到 你的真心話

心中糾結的我
放不下迷惘的話筒
糾結在我心底
一瞬間心就被帶走

也許是我執著的不再是夢
也許自然成習慣的就是我
我看不清楚 像沒方向的地圖
不確定的訊號 在我腦中阻斷了迴路

我想我一直都在
逃避著我的真心話
想法一直在轉
卻沒聽到心跳動的筆劃
只想著往前走
時間太洶湧
我想聽到 你的真心話
你的真心話

我想我一直都在
逃避著我的真心話
想法一直在轉
卻沒聽到心跳動的筆劃
只想著往前走
時間太洶湧
我想聽到 你的真心話

你的真心話
你的真心話
你的真心話
你的真心話

"
0.32,感情用事,王心凌 (Cyndi Wang),2023-10-11,https://www.kkbox.com/tw/tc/song/OnEAeAm7o9axMEr3SI,"

                    作詞：張簡君偉 / 葛大為David K
           
                            作曲：張簡君偉
            
 
編曲：游政豪

既然愛 已成往事
就別對 回憶敵視
要懂事 所以不能 拉拉扯扯 像個孩子
自己負責收拾

聽多了類似台詞
愛情卻沒有公式
他是我的詩 但不是天使

既然敢不分彼此
有勇氣做個傻子
深深被愛過 又何來損失

也許在你的故事 愛只是一時 快樂只是一下子
來去可以很理智 擦掉了名字 轉過身再開始

但是在我的故事 愛是一輩子 我必須誠實
我相信總有一天 還有人能讓我如此 感情用事

聽多了類似台詞
愛情卻沒有公式
他是我的詩 但不是天使

既然敢不分彼此
有勇氣做個傻子
深深被愛過 又何來損失

也許在你的故事 愛只是一時 快樂只是一下子
來去可以很理智 擦掉了名字 轉過身再開始

但是在我的故事 愛是一輩子 我必須誠實
我相信總有一天 還有人能讓我如此 感情用事

未必都 好聚好散 沒辦法的事
遺憾對我 是種覺知 不是瑕疵

也許在你的故事 愛只是一時 快樂只是一下子
來去可以很理智 擦掉了名字 轉過身再開始
但是在我的故事 愛是一輩子 我必須誠實
總有一天 還有人能讓我如此 感情用事

未來某天
我還是會愛得極致
感情用事

"
0.31,我有喜欢的人了(《偷偷藏不住》电视剧片尾曲),"汪苏泷, 赵露思, 馬伯騫, 张碧晨, 赵磊, yihuik苡慧, 张洢豪",2023-06-19,https://www.kkbox.com/tw/tc/song/KlIfpGRoBZNACUica_,"



I can taste you when-ever I'm breathing
Thinking that if you want me too
喜歡是蝴蝶飛出了眼睛
視線範圍全是漣漪效應
Tell me are you listening?
The world is moving fast
Here's all my secrets
I hope you like that
上翹著的表情想假裝鎮定
卻按耐不住開心
我有奇怪的直覺
一想起心動的鈴就響個不停
好想讀取你的心
知曉暗戀不是一個人的事情
I'm falling in love with…
你的名字有莫名吸引力
叫起來像是有甜甜回音
在你面前故意漫不經心
你恐怕早發現我不對勁
Tell me can you feel it?
My heart is beating fast
Come a little closer I hope you like that
密封著的心情早已等不及
情不自禁望向你
我有很喜歡的人
一想起心動的鈴就響個不停
好想讀取你的心
知曉暗戀不是一個人的事情
I'm falling in love with you
Oh oh oh
I'm falling in love with you
Oh oh oh
我有很喜歡的人
一靠近心動的鈴就響個不停
我要讀取你的心
原來暗戀不是一個人的事情
I'm falling in love with you
Oh oh oh
I'm falling in love with you
Oh oh oh

"
0.3,親愛的對象 - From THE FIRST TAKE,蔡依林 (Jolin Tsai),2023-07-02,https://www.kkbox.com/tw/tc/song/-owGLDmee7WVLXNyj3,"

                    作詞：陳學聖 / 葛大為
           
                            作曲：蔡依林 / 劉家凱
            
 
編曲：林頡

有些事 太固執
也許是 在等你 推翻 解答
多不平常

我 也放棄線索 預設立場
沒對錯 又怎樣

好在我們 從不必說明
什麼關係 都沒關係
很單純 很嚮往
尋找親愛的對象 本質一樣

真的存在 這種感情
依賴沒必要 再小心翼翼
你有接住我的方法
我去哪裡飛翔 你都會在場

曾為誰受過傷
很缺憾的時光
在消散之前 就用愛原諒

你遺落的願望
我陪你 一起學不會放下
但學會盼望

最後我們 像家人貼近
能給的關心 不只關心
不約定 不勉強
這種親愛的對象 彷彿更理想

對的人可能 成為伴侶
或關於你我 擁有了默契
我有找到你的方法
你去哪裡飛翔 我都會到場

最後我們 像家人貼近
能給的關心 不只關心
不約定 不勉強
這種親愛的對象 彷彿更理想

對的人可能 成為伴侶
或關於你我 擁有了默契
陪伴是 我們擅長
我的生命 少不了你 在場

因為有差異
才能從理解中 感覺 更熟悉
在歲月留下 溫柔回憶

"
0.29,都是浪漫害的,麋先生 (MIXER),2023-10-16,https://www.kkbox.com/tw/tc/song/4q4W1lqcWUFot_FCEU,"

                    作詞：吳聖皓
           
                            作曲：吳聖皓
            
 編曲:麋先生 MIXER / 周菲比 Phebe Chou

你想用玫瑰說什麼
你說這片雲像什麼
不過都是浪漫的 胡說
當再見開始抱著說
當祝福非得說出口
不過都是浪漫 找罪受
不就是陰天
不就是多支菸
要搞得多可憐
要弄得多淒美
又再哭一遍
就又被笑一遍
都閉嘴
都是浪漫害的
我們是從什麼時候開始感覺痛
吞下第一口啤酒
第一次跟著歌手
剝開寂寞
我們是從什麼時候無力的還手
都怪我愛上溫柔
卻討厭太溫柔
才讓你仗著溫柔
抓著愛對我說
別動
都是浪漫讓時間會哭會痛
都是浪漫讓回憶多了傷口
何況是我
都是浪漫讓愛逗留那麼久
都是浪漫
都不乾脆點
拜託 請放心走
至少讓我們能像一場
燦爛煙火
我們是從什麼時候開始感覺痛
吞下第一口啤酒
第一次跟著歌手
剝開寂寞
我們是從什麼時候無力的還手
都怪我愛上溫柔
卻討厭太溫柔
才讓我這個歌手
讓你能聽得懂

"
0.28,也許是愛情,李榮浩,2022-12-20,https://www.kkbox.com/tw/tc/song/GrJBYiHik9ZkwKa3QA,"

                    作詞：李榮浩
           
                            作曲：李榮浩
            
 
編曲:李榮浩

蒲公英飛得傷感
雨季喜憂參半
分開後各種緬懷
或許不該

面向大海怪自己
怪我留不住你
對不起我還愛你
我謊稱放棄

也許是愛情我們都還沒學會
書上說失去了才珍貴
也許是愛情我們都還沒學會
情歌又深夜綁架眼淚

也許是愛情我們都還沒學會
說狠話的註定先後悔
也許是愛情我們都還沒學會
向日葵的美夜晚不配

蒲公英飛得傷感
雨季喜憂參半
分開後各種緬懷
或許不該

面向大海怪自己
怪我留不住你
對不起我還愛你
我謊稱放棄

也許是愛情我們都還沒學會
書上說失去了才珍貴
也許是愛情我們都還沒學會
情歌又深夜綁架眼淚

也許是愛情我們都還沒學會
說狠話的註定先後悔
也許是愛情我們都還沒學會
向日葵的美夜晚不配

也許是愛情活該可悲

"
0.27,不喜歡沒有你的地方,Eric 周興哲,2023-10-19,https://www.kkbox.com/tw/tc/song/HXGONZIIaXJ8aXBVse,"


作詞：周興哲、吳易緯
作曲：周興哲

不喜歡 沒有你的地方
只喜歡 有你在我身旁
你陪我說話
你眼裡的光 完整了 最美的時光

你讓環遊世界 像流浪
心跟著你留在 最遠方
怕你自己一個人 會孤單害怕

期待未來每天的日出
一起寫下無數的紀錄
有你手心的溫度
溫暖而滿足

總能想像 我擁抱你 笑的模樣
缺少了你 世界黯淡無光

不喜歡 沒有你的地方
不喜歡 沒有你在身旁
再見太漫長
不想看漏你 每天的變化

只喜歡 有你在的地方
幸福是 有你陪我分享
你陪我說話
你眼裡的光 完整了 最美的時光

原來想念 讓人同時 快樂悲傷
有些秘密 只有你我知道

不喜歡 沒有你的地方
不喜歡 沒有你在身旁
再見太漫長
不想看漏你 每天的變化

只喜歡 有你在的地方
幸福是 有你陪我分享
你陪我說話
你眼裡的光 完整了 最美的時光

"
0.26,如常,李玖哲 (Nicky Lee),2023-01-29,https://www.kkbox.com/tw/tc/song/4t1akBP4LX0lHSrm3K,"

                    作詞：松峟全
           
                            作曲：劉鳳瑤 / 姚禦正
            
 
編曲：劉鳳瑤/Juno Heo @Finn music

今天的 大部分如常
只可惜 你不在身旁
但我還是一樣什麼都想和 你分享

今天的 寂寞感如常
是因為 你不在身旁
而不管這天多匆忙 你還是能 擠進我心上

風吹過的天空 沒有留下痕跡
像想念來過 太總是很安靜
此刻你正在我心裏
說什麼都很好聽

如果常常想著你
會不會習慣分離
時間不曾擔心
我們卻怕忘記

如果常常不想你
會不會習慣自己
可是 每一天 總是重新開始
如常地想你

轉過身想要逃避 離別時候你的眼睛
傷心卻總是穿透 我的背影到我心裏
愛沒有距離 可是距離 放大了分開的我們 一個人變脆弱的自己

我聽著 你說著你的時候
然後你聽著 我說著我的時候
如常的我們 誰都不說寂寞

如果常常想著你
會不會習慣分離
時間不曾擔心
我們卻怕忘記

如果常常不想你
會不會習慣自己
可是 每一天 總是重新開始
如常地想你

如果常常想著你
會不會更加想你
討厭一個自己
多想要看到你

如果常常不想你
會不會討厭自己
而我 每一天 總是重新開始
如常地想你

"
0.25,可不可以別做他的情人,蕭秉治Xiao Bing Chih,2023-07-26,https://www.kkbox.com/tw/tc/song/Ok1sCbFXwySdJ_qS4Y,"

                    作詞：蕭秉治XBC
           
                            作曲：蕭秉治XBC
            
 
編曲:張少瑜 Charles Chang/紀冠宇 Kuan/翁光煒 Wico Weng

我們把話說開 沒有秘密
其實我只是個矯情的小丑
靈感再多都已沒有意義
我的愛非主流 該滾回角落

虐心旋律已經過氣
你說現在你只喜歡聽饒舌歌手
帶你飛紐約巴黎
時尚還會押韻
讓你迷失在陷阱

可不可以只聽我的情歌
可不可以別做他的情人
當愛走到黃昏 回憶只能放生
多麼想念你 多麼想念你
多麼想念我們愛著

可不可以只聽我的情歌
可不可以別做他的情人
最後一次擁吻 每秒都像永恆
多麼想念你 多麼想念你
多麼想念唱給你聽情歌

我們把話說開 沒有秘密
其實我只是個矯情的小丑
靈感再多都已沒有意義
我的愛非主流 該滾回角落

虐心旋律已經過氣
你說現在你只喜歡聽饒舌歌手
帶你飛紐約巴黎
時尚還會押韻
讓你迷失在陷阱

可不可以只聽我的情歌
可不可以別做他的情人
當愛走到黃昏 回憶只能放生
多麼想念你 多麼想念你
多麼想念我們愛著

可不可以只聽我的情歌
可不可以別做他的情人
最後一次擁吻 每秒都像永恆
多麼想念你 多麼想念你
多麼想念唱給你聽情歌

可不可以只聽我的情歌
可不可以別做他的情人
當愛走到黃昏 回憶只能放生
多麼想念你 多麼想念你
多麼想念我們愛著

可不可以只聽我的情歌
可不可以別做他的情人
最後一次擁吻 每秒都像永恆
多麼想念你 多麼想念你
多麼想念唱給你聽情歌

"
0.24,Fire Fighter,FEniX,2022-12-12,https://www.kkbox.com/tw/tc/song/4mZTFjlXf387rTIiON,"

                    作詞：$un - Jang/Junsoo/Lovetom/MAX/于傳勇/昨夢
           
                            作曲：$un - Jang/DONGHWAN/Junsoo/Lovetom/于傳勇
            
 
點燃 吶喊 心中那份火焰
不要被那冷漠的世界熄滅
別說 我都懂 照亮黑夜
Who kill the show
We start the show
一萬度的沸騰in your eyes
存在你的存在 暫時失敗不算失敗
讓冰凍留在前一秒 就算絕對低溫不計較
Because fire fighter

哪裡寒冷往哪裡出發
誰有陰霾就往我懷裡炸
Falling down Falling down
熱情如暴雨落下
孤寂的傘悲傷都退吧

Forbidden for me only smoke n mirrors
Forbidden for me only smoke n mirrors
I know why I know why
(Dda du ri rat ddu 傾聽著 daa ri rat du）
尋找信仰 成為信仰
Baby face to face gamble
沒人能阻擋我 為你解開千年鎖
沒人能傷害我 替你擋下所有錯
救火對不對 讓你孤單沒是非
尋找信仰 成為信仰
Baby face to face gamble

我的手中拿著Hidden card
這些結果都是預料好的
Mayday Mayday你 的出現
Payback Payback

Be narrow game (變數就在一夕間 更改)
紅色的愛 剪開地表自轉變快
舉起火炬 走出地穴不再猶豫
我們都該知道 Life is Gamble

哪裡寒冷往哪裡出發
誰有陰霾就往我懷裡炸
Falling down Falling down
熱情如暴雨落下
孤寂的傘悲傷都退吧

Forbidden for me only smoke n mirrors
Forbidden for me only smoke n mirrors
I know why I know why
(Dda du ri rat ddu 傾聽著 daa ri rat du）
尋找信仰 成為信仰
Baby face to face gamble
沒人能阻擋我 為你解開千年鎖
沒人能傷害我 替你擋下所有錯
救火對不對 讓你孤單沒是非
尋找信仰 成為信仰
Baby face to face gamble

Do it everyday 命運全部掌握在自己
最狼狽不堪都已看過
I got a one bought of my heart
Whatever whatever I can't stop
Forbidden for me only smoke n mirrors
Whatever whatever I can't stop
Forbidden for me only smoke n mirrors
Whatever whatever I can't stop
Forbidden for me only smoke n mirrors
Whatever whatever I can't stop
Forbidden for me only smoke n mirrors

I know why
沒人能阻擋我 為你解開千年鎖
沒人能傷害我 替你擋下所有錯
救火對不對 讓你孤單沒是非
尋找信仰 成為信仰
Baby face to face gamble

"
0.23,不愛自己了,Marz23,2023-04-06,https://www.kkbox.com/tw/tc/song/GmBGUTEj7q4F4JgcPZ,"

                    作詞：Marz23
           
                            作曲：Marz23, W.LIN
            
 
drown, hopeless
everything feels far away
and now i notice
break my bones can’t even face how bad it is
when did it become like this
become like this

親愛的對不起
答應自己每天讓妳過得開心
結果卻每天忙著怨恨自己
傷了太多不該傷的心

我受夠自己這麼沒有救
我受夠怎麼吶喊也都沒有用
我受夠整天抱怨活著有多不快樂
i’m sick of hurting people that I love
我受夠自己不愛自己了

看我過得好man like a rockstar
殊不知陷入跟惡魔拔河的karma
嚮往的風景一路在到達
但心靈的傷卻永遠來不及包紮
try to figure out how much time we lost
try to figure out what’s really going on
i know it’s all my fault是我想要的太多

還是改不掉這麼鑽牛角尖的個性
改不掉悲觀也更改不掉自卑的設定
i hate myself and i wanna die
還是不爭氣地說出來
有誰明白

我受夠自己這麼沒有救
我受夠怎麼吶喊也都沒有用
我受夠整天抱怨活著有多不快樂
i’m sick of hurting people that I love
我受夠自己不愛自己了

我受夠自己不愛自己了
早就不愛自己了
我也已經受夠了

so lonely it’s killing me

so lonely it’s killing me
so lonely and nothing can save me
so lonely it’s killing me
所以從今以後我會
開始愛著自己的

"
0.22,Purple Days,Ozone,2023-03-27,https://www.kkbox.com/tw/tc/song/D_sHrK76Otw-YZRu6R,"


給世界 更多色彩
把多少黑白變絢爛 我猜
是因為你存在
架起船帆原本隨波逐流
掌控船舵該由誰主宰
你氣息 像潮汐
無聲無息 推著我前進
I will live in紫色般的海洋
星空折射獨角獸的光芒
With my O.A.O.  O.A.O.
想跟你越靠越近
火花綻放Purple Days
My Purple Days
Gonna be my
O.A.O.  O.A.O.
想跟你越靠越近
火花綻放Purple Days
黑夜來臨 霧後清醒過後還是奔向你
渺小的星 遼闊無比 想編織微風給你聽
深海的瓶 刻下的名
Oh誰回應
想被你撿起
We Drop out別的等級 別的世界
望著同一片天go up
Gonna make it real life all night
I made it
流星雨畫過的 許過的 太美
你氣息 像潮汐
無聲無息 推著我前進
I will live in紫色般的海洋
星空折射獨角獸的光芒
With my O.A.O.  O.A.O.
想跟你越靠越近
火花綻放Purple Days
My Purple Days
Gonna be my
O.A.O.  O.A.O.
想跟你越靠越近
火花綻放Purple Days
抓住餘暉 暫停世界 有你的瞬間
屏息捕捉這個畫面
想跟你越靠越近
火花綻放Purple Days
My Purple Days
Purple Days
Purple Days
O.A.O.  O.A.O.
肆意向天空飛 落下淚 就讓
火花綻放Purple Days
My Purple Days
Just you and me
My Purple Days
Just stay with my
O.A.O.  O.A.O.
想跟你越靠越近
火花綻放Purple Days
O.A.O.  O.A.O.
My Purple Days
Gonna be my
O.A.O.  O.A.O.
想跟你越靠越近
火花綻放Purple Days
"
0.21,能不能和我留在台北（陪我幾天）,icyball 冰球樂團,2022-12-21,https://www.kkbox.com/tw/tc/song/LYwkuYMEB5NioV4eFc,"

                    作詞：王昭權
           
                            作曲：王昭權 / 林士捷
            
 
編曲:icyball冰球樂團

銀白色的情節 噢溫柔溫柔
從來沒想過 會不只是聽說
天使栽了跟斗 噢墜落墜落
告別了雲朵 跌在我的心頭

那一年 某一天
我和你 笑或淚
噢愛存在我們之間
But I have to go 我們都
來不及 說出口
卻不想就這麼錯過

能不能和我留在台北 陪我幾天
別讓我們之間 隨風落葉
沒有你的台北 只有雨天
不要對我拒絕 我會心碎
Love with you

寂寞佔領台北 噢濕透濕透
灰濛濛的天 是你來的時候
多想就此佔有 噢如果如果
在放晴以後 怎麼你就要走

那一年 某一天
我和你 笑或淚
噢愛存在我們之間
But I have to go 我們都
留不起 帶不走
噢愛要怎麼對你說

能不能和我留在台北 陪我幾天
別讓我們之間 隨風落葉
沒有你的台北 只有雨天
不要對我拒絕 我會心碎
Love with you

能不能請你做我寶貝 陪我幾天
別讓我們之間 隨風落葉
沒有你的台北 只有雨天
不要對我拒絕 我會心碎

能不能請你做我寶貝 陪我幾天
別讓我們之間 隨風落葉
沒有你的台北 只有雨天
不要對我拒絕 我會心碎

能不能請你做我寶貝 陪我幾天
別讓我們之間 隨風落葉
沒有你的台北 只有雨天
不要對我拒絕 我會心碎

"
0.2,小缺點,陳芳語 (Kimberley Chen),2023-01-05,https://www.kkbox.com/tw/tc/song/Dazig-JpK9m6GclEcq,"

                    作詞：余姿樂/劉宗霖/李宗翰/陳芳語/陶逸群
           
                            作曲：劉宗霖/梁永泰/陳芳語/陶逸群
            
 
就讓這瞬間
停在這空間
還是很喜歡你喜歡我的小缺點

我想全世界只有你的笑容最甜
凌晨的屋簷總會有你陪我失眠
把你傳來的訊息都複習一遍
腦中幻想我們約定好的一天
沒想到 會如此依賴著你的肩
沒想到吧
沒想到吧

所有夢想中的情節都浮現
沒有料到你會突然出現在我身邊

想你到日落
在我耳邊說
就讓這瞬間
停在這空間
還是很喜歡你喜歡我的小缺點

喜歡你喜歡我的缺點

如果有一天我們擁有整個世界
我也不會想改變現在任何一點
不用再去擔心自己被忽略
沒料到那些缺點對你來說都是優點

就讓這瞬間
停在這空間
還是很喜歡你喜歡我的小缺點

想你到日落
在我耳邊說
就讓這瞬間
停在這空間
還是很喜歡你喜歡我的小缺點

喜歡你喜歡我的缺點

"
0.19,月 - EMOTIF情緒推廣曲,郁可唯 (Yisa Yu),2023-02-23,https://www.kkbox.com/tw/tc/song/CtNcpKLlUSEGazKb8s,"

                    作詞：有禮 / 夏飛
           
                            作曲：劉兆倫（情桑）
            
 
編曲 : 關天天

上次預訂的花 擺了很久已經枯萎
也忘了去打卡 地圖上標記的經緯
人生 可能就因為美在不完美
沒人能全身而退 對不對
想看的電影爛尾 想聽的故事破碎
想和你做的一切在你走後 半途而廢

你像是月亮忽然藏進雲層
我伸手卻只抓住一縷晚風
我錯過了千萬盞路燈
醉倒在你離開的那個清晨

我就是大千世界庸庸路人
你照亮我後卻又揮手轉身
可惜月光該還給夜深
獨留我仍和世人提起我們

那麼遺憾 曾經的誓言隨著你遠飛
愛過就不算錯過 對不對
太多的物是人非 太多的喜怒傷悲
故事的陰晴圓缺 任誰都要 經歷一回

你像是月亮忽然藏進雲層
我伸手卻只抓住一縷晚風
我錯過了千萬盞路燈
醉倒在你離開的那個清晨

我就是大千世界庸庸路人
你照亮我後卻又揮手轉身
可惜月光該還給夜深
獨留我仍和世人提起我們

你像是月亮忽然藏進雲層
我伸手卻只抓住一縷晚風
我錯過了千萬盞路燈
醉倒在你離開的那個清晨

我就是大千世界庸庸路人
你照亮我也照亮芸芸眾生
可惜月光該還給夜深
獨留我仍和世人提起我們

"
0.18,Song About Life,九九 (Sophie Chen),2023-02-19,https://www.kkbox.com/tw/tc/song/SsiFGWLPDXYxZuAIir,"

                    作詞：九九 Sophie Chen
           
                            作曲：九九 Sophie Chen / 陶山 Skot Suyama
            
 
編曲：陶山 Skot Suyama

現在我們都在不同的地方
一切都已變了模樣
當初在分手時候大鬧一場
突然想起會覺得誇張

多想告訴年輕的我
現在受的傷
會漸漸淡忘
只不過是一時慌張
並不會怎樣

It’s a song about life, about life
About life, about life, about life
It’s a song about you and I
And how time just passes us by
It’s just a song about life

時間也就這樣過去了好幾年
我還以為我會一輩子的掛念
還記得不想還你的外套
居然會假裝是你的懷抱
但後來到底放在哪裡
早就忘記

多想告訴年輕的我
現在的期望
一定會變樣
以後要走的路很長
會流浪會飄蕩會不停成長

It’s a song about life, about life
About life, about life, about life
It’s a song about you and I
And how time just passes us by
It’s just a song about life

"
0.17,塔莉亞 (Thalia),U:NUS,2023-04-27,https://www.kkbox.com/tw/tc/song/TYq0Sl9FGziN5zk4Sq,"

                    作詞：吳昱廷 AuZTIN／高有翔 Sean Ko／高胥崴 Guei／蔡承祐 C.Y
           
                            作曲：吳昱廷 AuZTIN／高有翔 Sean Ko／高胥崴 Guei／蔡承祐 C.Y
            
 (蔡承祐)
Shawty I'm so sorry 算我不夠懂妳
愛得好不容易 So tell me can you just
Be my thalia
Be my thalia
Be my thalia
Be my thalia

(吳昱廷)
Shawty I'm so sorry 算我不夠用心
叫我빨리빨리 So tell me can you just
Be my thalia
Be my thalia
Be my thalia
Be my thalia


(吳昱廷)
I'm like baby 是誰讓妳委屈
我絕對會幫妳回擊
如此的美麗 為妳造一個玻璃瓶逃離地球我都願意
妳像是B612在夜晚裡照亮了我的窗
甚至是背影 都像是寶藏讓我想要瘋狂地收藏
Oh my god skr

(高有翔)
讓我不分晝夜陪妳
陪妳沙發上玩手機
陪妳看妳愛的美景
但妳就是美景 所有妳的回憶 一點一滴累積
但答應妳絕對不會讓妳落下一咪咪的淚滴

(高胥崴）
Shawty I'm so sorry 算我不夠懂妳
愛得好不容易 So tell me can you just
Be my thalia
Be my thalia
Be my thalia
Be my thalia

(高有翔)
Shawty I'm so sorry 算我不夠用心
叫我빨리빨리 So tell me can you just
Be my thalia
Be my thalia
Be my thalia
Be my thalia


(蔡承祐)
上帝又開了個窗
為何如此的美麗
觸動原本的軌跡
散發著光
問凋謝是情是 哪朵的花
浪漫的畫
剎那間回憶起放慢的話
說 妳搞不懂我

(高有翔)
塔莉亞逃離了她心臟在那不停不停不停地跳動
塔莉亞特地的特寫出那排 bling bling 的笑容
How can I 七天都有她
How can I 親她多一下
遙不可及我太緊張
太不客氣會被妳罵

(高胥崴）
Shawty I'm so sorry 算我不夠懂妳
愛得好不容易 So tell me can you just
Be my thalia
Be my thalia
Be my thalia
Be my thalia

(高有翔)
Shawty I'm so sorry 算我不夠用心
叫我빨리빨리  So tell me can you just
Be my thalia
Be my thalia
Be my thalia
Be my thalia


(高胥崴）
真心地愛過不下去
沒妳又閣沒辦法放落心
聽著妳撒嬌的聲音
一切又閣沉落回憶

喔 上頭是妳的髮香
氣氛中放肆的搖晃
那無法衡抗的絕望
掙扎念頭全都是想 像


(蔡承祐)
Shawty I'm so sorry  算我不夠懂妳
愛得好不容易 So tell me can you just
Be my thalia
Be my thalia
Be my thalia
Be my thalia

(吳昱廷)
Shawty I'm so sorry  算我不夠用心
叫我빨리빨리  So tell me can you just
Be my thalia
Be my thalia
Be my thalia
Be my thalia
"
0.16,11,G.E.M.鄧紫棋,2023-10-28,https://www.kkbox.com/tw/tc/song/SokMrc0c1DbhZ49D3j,"

                    作詞：隊長 / 黃禮格
           
                            作曲：隊長 / 黃禮格
            
 原詞曲：隊長，黃禮格
改編詞曲：G.E.M.鄧紫棋
製作人：G.E.M.鄧紫棋，T-Ma馬敬恆
編曲：T-Ma馬敬恆

就把我愛意都掩埋
但你能清楚的明白
靠近我 然後別離開
可是難過的卻不是回憶
因為回憶裡 哭泣的你

Cause you know
愛意就像大雨落下怎麽能讓人不牽掛
過得好嗎想說的話你能聽到嗎
Oh 沒能陪你到最後 別再嘆息皺眉頭
怎麽能忘掉你所有

寂寞的夜 每一個夜 你總在眼前
度過的年 錯過的月 我都想紀念
好久不見 我有多恨我不在你的身邊
能不能 能不能 讓眼淚留在昨天
能不能 別把我丟在雨天
我不願不在你的身邊

一個人的淩晨時分
誰沒有個思念的人
如果愛能夠逆時針
Cuz I’m mad for you, sad for you, I long for you

Cause you know
愛意就像大雨落下怎麽能讓人不牽掛
過得好嗎想說的話你能聽到嗎
Oh 沒能陪你到最後 別再嘆息皺眉頭
怎麽能忘掉你所有

多想讓大雨沖掉思念
讓回憶不再閃現
已經多少日夜 你總會突然浮現眼前
能否讓眼淚留在昨天
Cuz I’m mad for you, sad for you, I long for you

Cause you know
愛意就像大雨落下怎麽能讓人不牽掛
過得好嗎想說的話你能聽到嗎
Oh 沒能陪你到最後 別再嘆息皺眉頭
怎麽能忘掉你所有

沒能陪你到最後
沒能陪你到最後
因為你已不在 你已不在身邊
我想陪你到最後
我想陪你到最後
可惜你已不在 你已不在身邊
"
0.15,又十年,張學友 (Jacky Cheung),2023-02-22,https://www.kkbox.com/tw/tc/song/Cpw0MHGPXVWGvC8RcJ,"

                    作詞：管啟源
           
                            作曲：呂孫杰 / 伍冠諺
            
 
編曲：佳旺
監製：歐丁玉

聽說你在去年為了健康已戒了煙
我在每個週末還是會小小喝一點
朋友不太容易約到不再像從前
那些日子可說已完結

有些夜裡我會開車到城裡兜圈
我才領會到什麼叫做往事如煙

一眨眼 又是一個十年
那些瓜葛糾結
在某一天突然迎刃而解

一眨眼 又是一個十年
對於人生起跌 一知半解
我卻已經懂得 應變

一生有幾個理想能夠扛得住歲月
還不如好好地過越來越少的明天
生命給我們什麼都不可能拒絕
這句話我當年不了解

時間它殘忍起來毫無道理可言
我也不忍對你說熱情總會冷卻

一眨眼 又是一個十年
那些瓜葛糾結
在某一天突然迎刃而解

一眨眼 又是一個十年
那些轟轟烈烈
讓人懷念已經跟我沒有 關聯

一眨眼 又是一個十年
那些轟轟烈烈
讓人懷念已經跟我沒有 關聯

還能有多少個十年

"
0.14,我期待的不是雪,张妙格,2023-11-20,https://www.kkbox.com/tw/tc/song/9a6t7PB91jmuIJGmBw,"

                    作詞：王琛
           
                            作曲：祝子由
            
 編曲 : 果凍

我期待的不是雪
而是有你的冬天
我期待的不是月
而是和你的遇見
我期待煙花漫天
我可以永遠靠在你左肩
我期待的不是一句抱歉

號碼 變作未知斷了線
有人 經過後注定失聯
玻璃窗 寫著心願
美夢擠滿房間
Oh 冬夜的風吹來
就消失不見

離別 像天亮不知不覺
無言 比謊話更像再見
一個人 墜入冬天
孤獨與我周旋
Oh 漫天的雪
不及再看你一眼

我期待的不是雪
而是有你的冬天
我期待的不是月
而是和你的遇見
我期待煙花漫天
我可以 永遠靠在你左肩
我期待的不是一句抱歉

我期待的不是雪
而是有你的冬天
我期待的不是風
而是歸根的落葉
我期待染白了頭
我和你 相擁走很遠很遠
不顧一切的愛永不會變

你像 白月陪伴我失眠
我是 你不存在的想念
一個人 墜入冬天
孤獨與我周旋
Oh 漫天的雪
不及再看你一眼

我期待的不是雪
而是有你的冬天
我期待的不是月
而是和你的遇見
我期待煙花漫天
我可以 永遠靠在你左肩
我期待的不是一句抱歉
我期待的不是雪
而是有你的冬天
我期待的不是風
而是歸根的落葉
我期待染白了頭
我和你 相擁走很遠很遠
不顧一切的愛永不會變

"
0.13,修理偶 (Fix Me),U:NUS,2023-03-16,https://www.kkbox.com/tw/tc/song/GriT8-Gyk9ZkwB-a6D,"

                    作詞：吳昱廷 AuZTIN／高有翔 Sean Ko／高胥崴 Guei／蔡承祐 C.Y
           
                            作曲：吳昱廷 AuZTIN／高有翔 Sean Ko／高胥崴 Guei／蔡承祐 C.Y
            
 
(吳昱廷)誰 說會有童話故事的結尾
被 你踩碎的心沒人能接回
當我太傻吧 噢對 送你的就當做廢
讓我躺在你給的傷害中墮落到永遠

(蔡承祐)怠惰荒廢的此刻
放下了防衛的資格
一轉眼只剩空虛

(吳昱廷)欸⋯⋯所以你在搞什麼飛機啊！

(高有翔)管曾經是什麼 I'll be okay
放棄你的生活
我不再依賴承諾 不再被你左右

(高胥崴)Oh Don't you try'na fix me fix me
Oh Don' you try'na miss me miss me
就別再說

(蔡承祐)浪漫的屁話太多
乾脆讓我 一次快活

(吳昱廷) Oh Don't you try'na fix me fix me
Oh Don't you try'na miss me miss me
喔我不懂
感情裡屁話太多
管你Mommy多想要你嫁給我

(高有翔)模糊不清的界線
屬於我們的經典
管他現在是幾點
不想被時間局限
當初你裝得靦腆
那張無辜的臉
別出現在我面前
我不想再次淪陷

(高胥崴)透早天還沒亮 就爬起來
零錢裝口袋 鞋子穿一半
因為愛你的心 不曾斷
所以買早餐送你母仔吃 讚
你說你愛孝順的囡仔
我 也打拼做到
想不到你見笑轉生氣
打我巴掌就算還罵我

(蔡承祐)管曾經是什麼 I'll be okay
放棄你的生活
我不再依賴承諾 不再被你左右

(吳昱廷)Oh Don't you try'na fix me fix me
Oh Don't you try'na miss me miss me
就別再說

(高有翔)浪漫的屁話太多
乾脆讓我 一次快活

(高胥崴)Oh Don't you try'na fix me fix me
Oh Don't you try'na miss me miss me
喔我不懂
感情裡屁話太多
管你Mommy多想要你嫁給我

(合唱)管曾經是什麼 I'll be okay
放棄你的生活
我不再依賴承諾 不再被你左右

(合唱)管曾經是什麼 I'll be okay
放棄你的生活
我不再依賴承諾 不再被你左右
"
0.12,Take Me (feat. Haezee),高爾宣 OSN,2022-12-14,https://www.kkbox.com/tw/tc/song/9XPlYXwS3wYrBflFS9,"

                    作詞：高爾宣
           
                            作曲：高爾宣
            
 
You see you came into my life when I was busy
沒時間分析還存在的問題
I know it wasn’t right 是我在逃避
Gotta find myself
Not the type that ask for help

I see you found a guy and you look happy
想假裝我不在意but I’m messy
可能我不想承認
Maybe I'm just selfish
Umm 可能我還想得到

Your
Love
Cuz you make feel so strong
I’m nothing without you

Take me
Into your world 怎麼登陸
能安全降落no parachute
多希望這之間沒意外

If i could just take you
遠離他們打的分數
握緊你手上的紋路
I don’t need nothing 除了妳以外

為誰做了改變
變那麼多
認不得了

自己租了I-rent
開到海邊
卻想到妳

沒給太多台階
沒好好說再見
我沒那個wait fuk..
不想接 別打給我

寫這首歌排解
Don’t leave me so far away

跟烏雲說再見
但妳是我的白天
不相信 這注定 的意外
戒不掉 的依賴
I’ll be here
Take your time

Take me
Into your world 怎麼登陸
能安全降落no parachute
多希望這之間沒意外

If i could just take you
遠離他們打的分數
握緊你手上的紋路
I don’t need nothing 除了妳以外

"
0.11,咖啡+交換餘生,林俊傑 (JJ Lin),2023-02-02,https://www.kkbox.com/tw/tc/song/5_E51DpTMf04h8OL9G,"

                    作詞：咖啡：何啟弘 / 交換餘生：易家揚
           
                            作曲：黃韻玲 / 林俊傑
            
 
太濃了吧 否則怎會苦得說不出話
每次都一個人 在各自自答 我們的愛到底還在嗎

已經淡了吧 多放些糖也很難有變化
不如喝完這杯 就各自回家 別坐在對面欣賞我的掙扎

一場失敗的愛情像個笑話 熱的時候心亂如麻
冷了以後看見自己夠傻 人怎麼會如此容易無法自拔

一場無味的愛情像個謊話 甜的時候只相信它
苦了以後每一句都可怕 人怎麼會如此難以了無牽掛

交換餘生是我非我苦與樂
陰天之後總有續命的晴空
如果我們幾經轉折
結局一樣不動
也才算無愧這分合

雲等風人等夢愛輾過時光等什麼
記不住認不出淚眼中誰一樣臉紅
等妳說等我說一等就是一個宇宙
日升換月落
真愛換寂寞

交換餘生也許忘了第幾夢
那時我們身處第幾號時空
因為我們手心緊握
記憶也能緊扣
可不怕前方的蟲洞
愛是時間的古董

"
0.1,別讓愛停擺 Love Will Empower Your Life,蔡健雅 (Tanya Chua),2023-01-04,https://www.kkbox.com/tw/tc/song/WtKnSQQQoKRKXzeVBG,"

                    作詞：小寒
           
                            作曲：蔡健雅
            
 編曲：黃宣銘

照在臉上 熱與光 都 源自於太陽
它沒多想 分享 共享
溫暖好像 是一個連鎖反應在擺盪 迴盪

良善的含量 的能量 源自於人的胸膛
攤開手掌 光芒 生長
不能錶框 漣漪一旦伸展誰又能抵擋 能阻擋

Love will empower your life
首先由我傳開
一傳一能串起燈海
溫柔形態 溫和神態
我堅定腳踝 在向你走來

Empower your life
我相信愛存在
先伸出手不必見外
平凡色彩 也能精彩
能見證有愛 才值得期待

Someday～  Someday～

Love will empower your life
首先由我傳開
一傳一能串起燈海
溫柔形態 溫和神態
我堅定腳踝 在向你走來

Empower your life
我相信愛存在
先伸出手不必見外
平凡色彩 反而精彩
能見證有愛 就放手慷慨

Love is in your life love is in your life
再平凡色彩 也可以精彩
就不更改 給彼此關懷

Empower your life
愛從你我傳開
一傳一擴大到人海
溫柔形態 溫和神態
我方向不改 會向你走來

Empower your life
我相信你同在
擁抱不再置身事外
平凡色彩 也能精彩
我們都有愛 別讓它停擺

Love is in your life love is in your life
平凡色彩 也可以精彩
Love is in your life love is in your life
我們都有愛 別讓它停擺

"
0.09,查無此心 - 《查無此心》電影主題曲,A-Lin,2023-08-14,https://www.kkbox.com/tw/tc/song/KtoKCLWlIXgP02SYZz,"

                    作詞：吳易緯
           
                            作曲：JerryC / Jumbo 江柏翰
            
 
編曲:JerryC / 游政豪

巨響後如煙的我們
只剩下指紋 替我作證
也許推開明天的門
還能夠追上 你的腳步聲

匿跡 消聲 像風隱匿風箏
關於你 都矢口否認
誰都不是聖人 哪來的壯烈犧牲
只求 能立命安身

我的心 是什麼時候 被掏空了
不相信 可眼神確實 少了靈魂
消失不見的人 無聲遺言最狠
查無此心 是不是 就不恨

失去我 你怎麼做到 說分就分
不相信 誰能輕易說 不可能
無心的我們 誰該承擔 責任

匿跡 消聲 像風隱匿風箏
逃走的 想念卻追深
誰都不是聖人 最難得難捨難分
成全 我對你信任

我的心 是什麼時候 被掏空了
不相信 可眼神確實 少了靈魂
消失不見的人 無聲遺言最狠
查無此心 不愛就不痛了 oh

真心贏得玩火自焚
無心的我們 誰該承擔 責任  oh

失去你 痊癒的表面 依舊完整
那傷痕 會替你陪我到永恆
遺忘不了的人 陪我迎向旅程

失去你 早在我生命 留下刻痕
我相信 就有再改變的可能
無心的我們 都是愛的見證

"
0.08,唯一,G.E.M.鄧紫棋,2023-09-23,https://www.kkbox.com/tw/tc/song/GqC2uRTPHxj7O1Fqy3,"


作詞:告五人 雲安、改編詞：G.E.M. 鄧紫棋
作曲:告五人 雲安
編曲:G.E.M. 鄧紫棋、T-Ma馬敬恒

你真的懂唯一的定義
並不簡單如呼吸
你真的希望你能釐清
若沒交心怎麼說明

我真的愛你 句句不輕易
眼神中飄移 總是在關鍵時刻清楚洞悉
你的不堅定 配合我顛沛流離
死去中清醒 明白你背著我聰明

那些我 想說的 沒說的話
有時我 懷疑呢 只是我 傻瓜
但如果真的愛 不會算計
愛是不嫉妒 不張狂 不求自己
無關你的回應 永不止息

你知道
我真的愛你 沒人能比擬
眼神沒肯定 總是在關鍵時刻清楚洞悉
你的不堅定 配合我顛沛流離
死去中清醒 明白你背著我聰明

我知道
愛本質無異 是因為人多得擁擠
你不想證明 證明我是你唯一
證明我是你唯一

"
0.07,敦化南路 (Revisit),Various Artists,2023-02-25,https://www.kkbox.com/tw/tc/song/0siFmzdiDz1b-56hSK,"


還記得那時覺得這是監獄
什麼事情都辦不到
這樣的生活怎麼延續
何時能止盡我看不到
別亂胡鬧 他們對我說
書讀好 絕對沒有錯
看那讀書少的 無處跑
出處好的 以後才有可能get more gold
幸好我沒全聽他的
做了幾首決定發了
夢與現實不停拉扯
想做全職 被當作瞎扯
小孩才做選擇
魚和熊掌我全都要
誰說兩者不可兼得
想到票sold out 在夢裡也會偷笑
但 有時也想念那時光
現在也沒那麼厭惡
扛著壓力來自四方
但我已做到令好多人羨慕
記得誰跟我說 你很有天賦
別浪費它
當時我發誓過 只有被殺死我
才會乖乖地閉上嘴巴
故事從這裡開始
不知何時結束
還沒說完台詞
劇本裡還有好多頁數
無法把時間揮霍掉
這個時代逼著我要堅強
再給我十年會做到
讓我的母校邀我回去演講
當我再度回到這裡
空氣依然霧濛
時間把我衝個徹底
身份已經不同
不變的是 曾發的誓
慢慢的 更加頑固
浮現的是 那八個字
把那遊戲 增加難度
You see me 再度回到這裡 (當我回到這裡)
當我再度回到這裡 (當我回到這裡)
當我再度回到這裡 (當我回到這裡)
當我再度回到這裡 (當我回到這裡)
但這城市 過得太快
有時也無法適應
好多人事 不停汰換
眨眼就變了市景
有的崛起 有的衰敗
早已見慣的事情
有人相聚 有人拆散
一切都如夢似醒
好比敦南誠品熄了燈
彷彿世代的終止
曾不打烊如今閉了門
好多故事 就從此塵封在
每一個台北人心中
從寒冬一直到盛夏
城市的夜裡沒星空
但是也曾有座燈塔
站在那裡指引我
回到最初的港灣
在我迷茫的時候 點醒我
付出不是為了榜單
想想看 要跳得高
那必須先得蹲低
責任意味著能力
而能力更需被珍惜
於是我奮力跳起張望
想要看得更遠
這世界大的超乎我的想像
不知海的深淺
也還沒有經歷過太多創傷
用詞還很淺顯
所以想把一切裝進相框
再一路帶回原點(帶回原點)
當我再度回到這裡
空氣依然霧濛
時間把我衝個徹底
身份已經不同
不變的是 曾發的誓
慢慢的 更加頑固
浮現的是 那八個字
把那遊戲 增加難度
You see me 再度回到這裡 (當我回到這裡)
當我再度回到這裡 (當我回到這裡)
當我再度回到這裡 (當我回到這裡)
當我再度回到這裡 (當我回到這裡)
"
0.06,餘人節快樂,施語庭,2023-02-13,https://www.kkbox.com/tw/tc/song/Gp0XjT2u-IKc2gC4Wz,"

                    作詞：施語庭
           
                            作曲：施語庭
            
 
什麼紀念日 都顯得格外諷刺
就連我名字 你都叫錯了好幾次

說我是傻子 我也無力駁斥
脆弱的理智 總被你溫柔狹持

我在月曆上畫了紅圈
想記錄 每個 你愛我的細節
回頭發現 是我美化了一切

在這天用笑話掩飾丟臉
自顧自的收拾了局面
卻看不見 你對我多隨便

餘人節快樂 我是多出來 的那個
苟且偷生 活不出你想要的人設
把不喜歡的都對摺 把討厭的全都放生

餘人節快樂 我是不被愛 的那個
想逆轉勝 發現你們難捨又難分
我看你 愛她愛得這麼狂熱

說我太沈淪 我也無法控制
沒你的日子 我平凡得有瑕疵

在這天用笑話掩飾丟臉
自顧自的收拾了局面
卻看不見 你對我多隨便

餘人節快樂 我是多出來 的那個
苟且偷生 活不出你想要的人設
把不喜歡的都對摺 把討厭的全都放生

餘人節快樂 我是不被愛 的那個
想逆轉勝 發現你們難捨又難分
我看你 愛她愛得這麼狂熱

如果我還能夠選擇重生
我想要活成你最愛的那個人
想看你經歷我的旅程

就當我用青春上了一課
上當了短暫的快樂
明知故犯的愛著

餘人節快樂 我是多出來 的那個
苟且偷生 活不出你想要的人設
把不喜歡的都對摺 把討厭的全都放生

餘人節快樂 我是不被愛 的那個
勉強笑著 整個心早已經變黑色
我看你 愛她愛得這麼狂熱
我就這麼輕易 被 代替了

"
0.05,不介意,鶴 The Crane,2022-12-11,https://www.kkbox.com/tw/tc/song/D-82HrUmldMinQRnHN,"

                    作詞：Taiyu Lin
           
                            作曲：Taiyu Lin
            
 
我只想聽見你的聲音 其他不在意
我只想抱著你的身體 其他不在意
臥室像海水一般擁擠 我也不介意
每一秒都比前一刻更親暱

我需要看見你的身影 其他不在意
我需要呼吸你的呼吸 其他不在意
外面的世界再多擁擠 我也不介意
不介意人情世故季節更替

But why?
是熱情不再
還是你都在忍耐？
But why?
與其說將來 不如就趁現在

在城市急著陷入歡愉的時候
聞你的氣味勝過無數次邂逅
就這樣靜靜等待快乾的指甲油
星期天一直到禮拜六

我只想聽見你的聲音 其他不在意
我只想抱著你的身體 其他不在意
臥室像海水一般擁擠 我也不介意
每一秒都比前一刻更親暱

停電後的電梯
下著雨的巴黎
若世界只剩我和你根本無須多慮
副熱帶的天氣
多雨也多晴
多出來的是我還是你？

But why?
是熱情不再
還是你都在忍耐？
But why?
與其說將來 不如就趁現在

在城市急著陷入歡愉的時候
聞你的氣味勝過無數次邂逅
就這樣靜靜等待快乾的指甲油
星期天一直到禮拜六

我只想聽見你的聲音 其他不在意
我只想抱著你的身體 其他不在意
外面的世界再多擁擠 我也不介意
不介意人情世故季節更替

"
0.04,要不然我們就這樣一萬年 - 電視劇《長月燼明》插曲,Various Artists,2023-04-17,#,"

                    作詞：Taiyu Lin
           
                            作曲：Taiyu Lin
            
 
我只想聽見你的聲音 其他不在意
我只想抱著你的身體 其他不在意
臥室像海水一般擁擠 我也不介意
每一秒都比前一刻更親暱

我需要看見你的身影 其他不在意
我需要呼吸你的呼吸 其他不在意
外面的世界再多擁擠 我也不介意
不介意人情世故季節更替

But why?
是熱情不再
還是你都在忍耐？
But why?
與其說將來 不如就趁現在

在城市急著陷入歡愉的時候
聞你的氣味勝過無數次邂逅
就這樣靜靜等待快乾的指甲油
星期天一直到禮拜六

我只想聽見你的聲音 其他不在意
我只想抱著你的身體 其他不在意
臥室像海水一般擁擠 我也不介意
每一秒都比前一刻更親暱

停電後的電梯
下著雨的巴黎
若世界只剩我和你根本無須多慮
副熱帶的天氣
多雨也多晴
多出來的是我還是你？

But why?
是熱情不再
還是你都在忍耐？
But why?
與其說將來 不如就趁現在

在城市急著陷入歡愉的時候
聞你的氣味勝過無數次邂逅
就這樣靜靜等待快乾的指甲油
星期天一直到禮拜六

我只想聽見你的聲音 其他不在意
我只想抱著你的身體 其他不在意
外面的世界再多擁擠 我也不介意
不介意人情世故季節更替

"
0.03,孤獨娛樂,林俊傑 (JJ Lin),2023-04-20,https://www.kkbox.com/tw/tc/song/P-uItyXmhnTeMTwil_,"


作詞:易家揚
作曲:林俊傑

天悶了 雲混了 半冷半熱
風黏了 雨苦了 半累半渴
我聽見了 痛問快樂 為什麼你無視坎坷

心堵了 人倒了 地球喊著
分類的 無解的 災難盲盒
光雖無形 脈搏記得
你來的正好 正好見證了

我拿孤獨當娛樂
緩慢 苦澀
瞧這幾年的 半好半惡 半張臉求活著

我拿手孤獨娛樂
跟誰 講呢
以前忽略的 靜好模式呀
一瞬間真的成了以前的 成了隱形的
再不見了

苦行僧和初學者 弄不懂的謎語鎖
逆境中被一聲雷搗碎了 笑了
我知道 世界蠻黑的 但是負傷挺進的也是我
不言退 不流淚 不狼狽 不認命迎合

我拿孤獨當娛樂
簡單 獨特
等過幾年吧 風馳電掣 黑跟白言和

我拿這孤獨娛樂
無奈 沒輒
到記憶底層 無語潛伏吧 其它不說了

痛瀕臨快樂 痛心疼快樂

"
0.02,床,草東沒有派對 (No Party For Cao Dong),2023-05-19,https://www.kkbox.com/tw/tc/song/GmmwMNED7q4F4CAr5s,"

                    作詞：草東沒有派對
           
                            作曲：草東沒有派對
            
 
編曲：草東沒有派對
製作：周已敦

看著窗外的光
分不清是路燈還是太陽
仔細搜索著自己的身體試著找出一道合理的傷
卻還是得說謊

築起了對快樂的心防
說什麼也放不下
從何時開始對悲劇的嚮往
填滿了整顆心臟

築起了對快樂的心防
說什麼也放不下
從何時開始對悲劇的嚮往
填滿了整顆心臟

看著窗外的光
分不清是路燈還是太陽
仔細搜索著自己的身體試著找出一道合理的傷
卻還是得說謊

"
0.01,O.A.O.,Ozone,2022-12-22,https://www.kkbox.com/tw/tc/song/OmNOd5ONTsIBeHR349,"



被困在黑夜 我帶給你白天
感覺你需要改變 沒理由怪罪
給你一個方位 在你的面前
末日的情節 成了 歷險
毀滅以前的每一天
我要成為你唯一解
你的擔心像懸疑片
慢慢來 我在這邊
在世界的最後幾天裡
我確定只想全部給妳像是空氣或者血液
我不能預言到崩毀之後
要知道你只有我
One and only 你不用許願
這次不再被視而不見
One and only 不會被拒絕
在我的眼有你的臉
Babe 你不需要再許願
這次不再被視而不見
噩夢過去 給你勇氣
唯一的佔據沒有多餘
不用拍臉 不是做夢
就算害怕隱隱作痛
你要的擁抱 摸頭
想去哪說走就走
流星的光點 墜在你面前
電影的情節 帶你 歷險
毀滅以前的每一天
我要成為你唯一解
你的擔心像懸疑片
慢慢來 我在這邊
在世界的最後幾天裡
我確定只想全部給妳像是空氣或者血液
我不能預言到崩毀之後
要知道你只有我
One and only 你不用許願
這次不再被視而不見
One and only 不會被拒絕
在我的眼有你的臉
Babe 你不需要再許願
這次不再被視而不見
噩夢過去 給你勇氣
唯一的佔據沒有多餘
寂寞就像個詛咒 在夜晚自己出沒
我幫你趕走 你只要感受當我的戰友
眼淚是我的詛咒 怕看到你已哭過
如果我可以讓一切倒帶 不想要你快樂被人盜賣
One and only 你不用許願
這次不再被視而不見
One and only 不會被拒絕
在我的眼有你的臉
Babe 你不需要再許願
這次不再被視而不見
噩夢過去 給你勇氣
唯一的佔據沒有多餘

"
